2026-10-02 21:02:02.234+03:00[44:03.740] P24596T06212 EVT powershell:BrShim Logs.cpp<330>:InitLogging(): Start process logging at level 0 for 'powershell.exe', 'BrShim.dll' build 4.4.33.1019 amd64
2026-10-02 21:02:02.234+03:00[44:03.741] P24596T06212     powershell:BrShim BrShim.cpp<218>:InstallAfterInitUnguarded(): BrShim 4.4.33.1019 loaded 44ms after process creation.
2026-10-02 21:02:02.236+03:00[44:03.741] P24596T06212     powershell:BrShim BrHookLoad.cpp<45>:LoadBrHook(): Loading: C:\Program Files\HP\Sure Click\servers\BrHook.dll
2026-10-02 21:02:02.246+03:00[44:03.751] P24596T06212 EVT powershell:BrHook Logs.cpp<330>:InitLogging(): Start process logging at level 0 for 'powershell.exe', 'BrHook.dll' build 4.4.33.1019 amd64
2026-10-02 21:02:02.246+03:00[44:03.751] P24596T06212 dbg powershell:BrHook settings.cpp<588>:GetActiveVersionWithPath(): - Found active version from CurrentVersion key 4.4.33.1019
2026-10-02 21:02:02.246+03:00[44:03.751] P24596T06212     powershell:BrHook BrHook.cpp<1884>:DllMain(): BrHook loaded 56ms after process creation.
2026-10-02 21:02:02.246+03:00[44:03.751] P24596T06212     powershell:BrHook BrHook.cpp<1897>:DllMain(): Attach completed in 0ms.
2026-10-02 21:02:02.246+03:00[44:03.752] P24596T06212     powershell:BrHook BrHook.cpp<1782>:InitHooks(): Not initializing hooks because Bromium/Untrusted is disabled
2026-10-02 21:02:02.246+03:00[44:03.755] P24596T05000 trc powershell:BrHook observer_thread.cpp<64>:RealThreadMain(): Registry Watcher Thread: 5000
2026-10-02 21:02:07.938+03:00[44:09.444] P13504T25780 EVT powershell:BrShim Logs.cpp<330>:InitLogging(): Start process logging at level 0 for 'powershell.exe', 'BrShim.dll' build 4.4.33.1019 amd64
2026-10-02 21:02:07.938+03:00[44:09.444] P13504T25780     powershell:BrShim BrShim.cpp<218>:InstallAfterInitUnguarded(): BrShim 4.4.33.1019 loaded 42ms after process creation.
2026-10-02 21:02:07.940+03:00[44:09.445] P13504T25780     powershell:BrShim BrHookLoad.cpp<45>:LoadBrHook(): Loading: C:\Program Files\HP\Sure Click\servers\BrHook.dll
2026-10-02 21:02:07.946+03:00[44:09.453] P13504T25780 EVT powershell:BrHook Logs.cpp<330>:InitLogging(): Start process logging at level 0 for 'powershell.exe', 'BrHook.dll' build 4.4.33.1019 amd64
2026-10-02 21:02:07.948+03:00[44:09.453] P13504T25780 dbg powershell:BrHook settings.cpp<588>:GetActiveVersionWithPath(): - Found active version from CurrentVersion key 4.4.33.1019
2026-10-02 21:02:07.948+03:00[44:09.453] P13504T25780     powershell:BrHook BrHook.cpp<1884>:DllMain(): BrHook loaded 51ms after process creation.
2026-10-02 21:02:07.948+03:00[44:09.453] P13504T25780     powershell:BrHook BrHook.cpp<1897>:DllMain(): Attach completed in 0ms.
2026-10-02 21:02:07.948+03:00[44:09.453] P13504T25780     powershell:BrHook BrHook.cpp<1782>:InitHooks(): Not initializing hooks because Bromium/Untrusted is disabled
2026-10-02 21:02:07.951+03:00[44:09.457] P13504T01060 trc powershell:BrHook observer_thread.cpp<64>:RealThreadMain(): Registry Watcher Thread: 1060
2026-10-02 21:10:13.437+03:00[52:14.945] P22884T17760 EVT powershell:BrShim Logs.cpp<330>:InitLogging(): Start process logging at level 0 for 'powershell.exe', 'BrShim.dll' build 4.4.33.1019 amd64
2026-10-02 21:10:13.437+03:00[52:14.946] P22884T17760     powershell:BrShim BrShim.cpp<218>:InstallAfterInitUnguarded(): BrShim 4.4.33.1019 loaded 48ms after process creation.
2026-10-02 21:10:13.437+03:00[52:14.946] P22884T17760     powershell:BrShim BrHookLoad.cpp<45>:LoadBrHook(): Loading: C:\Program Files\HP\Sure Click\servers\BrHook.dll
2026-10-02 21:10:13.450+03:00[52:14.954] P22884T17760 EVT powershell:BrHook Logs.cpp<330>:InitLogging(): Start process logging at level 0 for 'powershell.exe', 'BrHook.dll' build 4.4.33.1019 amd64
2026-10-02 21:10:13.450+03:00[52:14.954] P22884T17760 dbg powershell:BrHook settings.cpp<588>:GetActiveVersionWithPath(): - Found active version from CurrentVersion key 4.4.33.1019
2026-10-02 21:10:13.450+03:00[52:14.955] P22884T17760     powershell:BrHook BrHook.cpp<1884>:DllMain(): BrHook loaded 58ms after process creation.
2026-10-02 21:10:13.450+03:00[52:14.955] P22884T17760     powershell:BrHook BrHook.cpp<1897>:DllMain(): Attach completed in 0ms.
2026-10-02 21:10:13.450+03:00[52:14.955] P22884T17760     powershell:BrHook BrHook.cpp<1782>:InitHooks(): Not initializing hooks because Bromium/Untrusted is disabled
2026-10-02 21:10:13.450+03:00[52:14.958] P22884T23628 trc powershell:BrHook observer_thread.cpp<64>:RealThreadMain(): Registry Watcher Thread: 23628
2026-10-02 21:16:48.677+03:00[58:50.183] P05536T11176 EVT powershell:BrShim Logs.cpp<330>:InitLogging(): Start process logging at level 0 for 'powershell.exe', 'BrShim.dll' build 4.4.33.1019 amd64
2026-10-02 21:16:48.677+03:00[58:50.183] P05536T11176     powershell:BrShim BrShim.cpp<218>:InstallAfterInitUnguarded(): BrShim 4.4.33.1019 loaded 32ms after process creation.
2026-10-02 21:16:48.679+03:00[58:50.183] P05536T11176     powershell:BrShim BrHookLoad.cpp<45>:LoadBrHook(): Loading: C:\Program Files\HP\Sure Click\servers\BrHook.dll
2026-10-02 21:16:48.687+03:00[58:50.192] P05536T11176 EVT powershell:BrHook Logs.cpp<330>:InitLogging(): Start process logging at level 0 for 'powershell.exe', 'BrHook.dll' build 4.4.33.1019 amd64
2026-10-02 21:16:48.687+03:00[58:50.192] P05536T11176 dbg powershell:BrHook settings.cpp<588>:GetActiveVersionWithPath(): - Found active version from CurrentVersion key 4.4.33.1019
2026-10-02 21:16:48.687+03:00[58:50.192] P05536T11176     powershell:BrHook BrHook.cpp<1884>:DllMain(): BrHook loaded 48ms after process creation.
2026-10-02 21:16:48.687+03:00[58:50.192] P05536T11176     powershell:BrHook BrHook.cpp<1897>:DllMain(): Attach completed in 0ms.
2026-10-02 21:16:48.687+03:00[58:50.192] P05536T11176     powershell:BrHook BrHook.cpp<1782>:InitHooks(): Not initializing hooks because Bromium/Untrusted is disabled
2026-10-02 21:16:48.687+03:00[58:50.196] P05536T25756 trc powershell:BrHook observer_thread.cpp<64>:RealThreadMain(): Registry Watcher Thread: 25756
2026-10-02 21:16:55.061+03:00[58:56.566] P20596T19248 EVT powershell:BrShim Logs.cpp<330>:InitLogging(): Start process logging at level 0 for 'powershell.exe', 'BrShim.dll' build 4.4.33.1019 amd64
2026-10-02 21:16:55.061+03:00[58:56.566] P20596T19248     powershell:BrShim BrShim.cpp<218>:InstallAfterInitUnguarded(): BrShim 4.4.33.1019 loaded 43ms after process creation.
2026-10-02 21:16:55.061+03:00[58:56.566] P20596T19248     powershell:BrShim BrHookLoad.cpp<45>:LoadBrHook(): Loading: C:\Program Files\HP\Sure Click\servers\BrHook.dll
2026-10-02 21:16:55.069+03:00[58:56.574] P20596T19248 EVT powershell:BrHook Logs.cpp<330>:InitLogging(): Start process logging at level 0 for 'powershell.exe', 'BrHook.dll' build 4.4.33.1019 amd64
2026-10-02 21:16:55.069+03:00[58:56.574] P20596T19248 dbg powershell:BrHook settings.cpp<588>:GetActiveVersionWithPath(): - Found active version from CurrentVersion key 4.4.33.1019
2026-10-02 21:16:55.069+03:00[58:56.574] P20596T19248     powershell:BrHook BrHook.cpp<1884>:DllMain(): BrHook loaded 53ms after process creation.
2026-10-02 21:16:55.069+03:00[58:56.574] P20596T19248     powershell:BrHook BrHook.cpp<1897>:DllMain(): Attach completed in 0ms.
2026-10-02 21:16:55.069+03:00[58:56.574] P20596T19248     powershell:BrHook BrHook.cpp<1782>:InitHooks(): Not initializing hooks because Bromium/Untrusted is disabled
2026-10-02 21:16:55.073+03:00[58:56.578] P20596T00908 trc powershell:BrHook observer_thread.cpp<64>:RealThreadMain(): Registry Watcher Thread: 908
2026-10-02 21:17:00.572+03:00[59:02.077] P17308T08868 EVT powershell:BrShim Logs.cpp<330>:InitLogging(): Start process logging at level 0 for 'powershell.exe', 'BrShim.dll' build 4.4.33.1019 amd64
2026-10-02 21:17:00.572+03:00[59:02.078] P17308T08868     powershell:BrShim BrShim.cpp<218>:InstallAfterInitUnguarded(): BrShim 4.4.33.1019 loaded 38ms after process creation.
2026-10-02 21:17:00.572+03:00[59:02.078] P17308T08868     powershell:BrShim BrHookLoad.cpp<45>:LoadBrHook(): Loading: C:\Program Files\HP\Sure Click\servers\BrHook.dll
2026-10-02 21:17:00.577+03:00[59:02.086] P17308T08868 EVT powershell:BrHook Logs.cpp<330>:InitLogging(): Start process logging at level 0 for 'powershell.exe', 'BrHook.dll' build 4.4.33.1019 amd64
2026-10-02 21:17:00.577+03:00[59:02.086] P17308T08868 dbg powershell:BrHook settings.cpp<588>:GetActiveVersionWithPath(): - Found active version from CurrentVersion key 4.4.33.1019
2026-10-02 21:17:00.577+03:00[59:02.086] P17308T08868     powershell:BrHook BrHook.cpp<1884>:DllMain(): BrHook loaded 48ms after process creation.
2026-10-02 21:17:00.577+03:00[59:02.086] P17308T08868     powershell:BrHook BrHook.cpp<1897>:DllMain(): Attach completed in 0ms.
2026-10-02 21:17:00.577+03:00[59:02.086] P17308T08868     powershell:BrHook BrHook.cpp<1782>:InitHooks(): Not initializing hooks because Bromium/Untrusted is disabled
2026-10-02 21:17:00.577+03:00[59:02.090] P17308T15880 trc powershell:BrHook observer_thread.cpp<64>:RealThreadMain(): Registry Watcher Thread: 15880
2026-10-02 21:18:21.064+03:00[00:22.569] P17728T19232 EVT powershell:BrShim Logs.cpp<330>:InitLogging(): Start process logging at level 0 for 'powershell.exe', 'BrShim.dll' build 4.4.33.1019 amd64
2026-10-02 21:18:21.064+03:00[00:22.569] P17728T19232     powershell:BrShim BrShim.cpp<218>:InstallAfterInitUnguarded(): BrShim 4.4.33.1019 loaded 46ms after process creation.
2026-10-02 21:18:21.064+03:00[00:22.570] P17728T19232     powershell:BrShim BrHookLoad.cpp<45>:LoadBrHook(): Loading: C:\Program Files\HP\Sure Click\servers\BrHook.dll
2026-10-02 21:18:21.072+03:00[00:22.580] P17728T19232 EVT powershell:BrHook Logs.cpp<330>:InitLogging(): Start process logging at level 0 for 'powershell.exe', 'BrHook.dll' build 4.4.33.1019 amd64
2026-10-02 21:18:21.072+03:00[00:22.580] P17728T19232 dbg powershell:BrHook settings.cpp<588>:GetActiveVersionWithPath(): - Found active version from CurrentVersion key 4.4.33.1019
2026-10-02 21:18:21.072+03:00[00:22.580] P17728T19232     powershell:BrHook BrHook.cpp<1884>:DllMain(): BrHook loaded 58ms after process creation.
2026-10-02 21:18:21.072+03:00[00:22.580] P17728T19232     powershell:BrHook BrHook.cpp<1897>:DllMain(): Attach completed in 0ms.
2026-10-02 21:18:21.072+03:00[00:22.580] P17728T19232     powershell:BrHook BrHook.cpp<1782>:InitHooks(): Not initializing hooks because Bromium/Untrusted is disabled
2026-10-02 21:18:21.077+03:00[00:22.584] P17728T08732 trc powershell:BrHook observer_thread.cpp<64>:RealThreadMain(): Registry Watcher Thread: 8732
2026-10-02 21:27:26.572+03:00[09:28.083] P08444T12992 EVT powershell:BrShim Logs.cpp<330>:InitLogging(): Start process logging at level 0 for 'powershell.exe', 'BrShim.dll' build 4.4.33.1019 amd64
2026-10-02 21:27:26.572+03:00[09:28.083] P08444T12992     powershell:BrShim BrShim.cpp<218>:InstallAfterInitUnguarded(): BrShim 4.4.33.1019 loaded 40ms after process creation.
2026-10-02 21:27:26.572+03:00[09:28.084] P08444T12992     powershell:BrShim BrHookLoad.cpp<45>:LoadBrHook(): Loading: C:\Program Files\HP\Sure Click\servers\BrHook.dll
2026-10-02 21:27:26.587+03:00[09:28.091] P08444T12992 EVT powershell:BrHook Logs.cpp<330>:InitLogging(): Start process logging at level 0 for 'powershell.exe', 'BrHook.dll' build 4.4.33.1019 amd64
2026-10-02 21:27:26.587+03:00[09:28.092] P08444T12992 dbg powershell:BrHook settings.cpp<588>:GetActiveVersionWithPath(): - Found active version from CurrentVersion key 4.4.33.1019
2026-10-02 21:27:26.587+03:00[09:28.092] P08444T12992     powershell:BrHook BrHook.cpp<1884>:DllMain(): BrHook loaded 52ms after process creation.
2026-10-02 21:27:26.587+03:00[09:28.092] P08444T12992     powershell:BrHook BrHook.cpp<1897>:DllMain(): Attach completed in 0ms.
2026-10-02 21:27:26.587+03:00[09:28.092] P08444T12992     powershell:BrHook BrHook.cpp<1782>:InitHooks(): Not initializing hooks because Bromium/Untrusted is disabled
2026-10-02 21:27:26.590+03:00[09:28.096] P08444T21752 trc powershell:BrHook observer_thread.cpp<64>:RealThreadMain(): Registry Watcher Thread: 21752
2026-10-02 21:28:45.924+03:00[10:47.436] P16828T14756 EVT powershell:BrShim Logs.cpp<330>:InitLogging(): Start process logging at level 0 for 'powershell.exe', 'BrShim.dll' build 4.4.33.1019 amd64
2026-10-02 21:28:45.924+03:00[10:47.436] P16828T14756     powershell:BrShim BrShim.cpp<218>:InstallAfterInitUnguarded(): BrShim 4.4.33.1019 loaded 47ms after process creation.
2026-10-02 21:28:45.924+03:00[10:47.436] P16828T14756     powershell:BrShim BrHookLoad.cpp<45>:LoadBrHook(): Loading: C:\Program Files\HP\Sure Click\servers\BrHook.dll
2026-10-02 21:28:45.937+03:00[10:47.444] P16828T14756 EVT powershell:BrHook Logs.cpp<330>:InitLogging(): Start process logging at level 0 for 'powershell.exe', 'BrHook.dll' build 4.4.33.1019 amd64
2026-10-02 21:28:45.940+03:00[10:47.444] P16828T14756 dbg powershell:BrHook settings.cpp<588>:GetActiveVersionWithPath(): - Found active version from CurrentVersion key 4.4.33.1019
2026-10-02 21:28:45.940+03:00[10:47.445] P16828T14756     powershell:BrHook BrHook.cpp<1884>:DllMain(): BrHook loaded 61ms after process creation.
2026-10-02 21:28:45.940+03:00[10:47.445] P16828T14756     powershell:BrHook BrHook.cpp<1897>:DllMain(): Attach completed in 15ms.
2026-10-02 21:28:45.940+03:00[10:47.445] P16828T14756     powershell:BrHook BrHook.cpp<1782>:InitHooks(): Not initializing hooks because Bromium/Untrusted is disabled
2026-10-02 21:28:45.940+03:00[10:47.449] P16828T12420 trc powershell:BrHook observer_thread.cpp<64>:RealThreadMain(): Registry Watcher Thread: 12420
2026-10-02 21:33:47.657+03:00[15:49.168] P19216T23384 EVT powershell:BrShim Logs.cpp<330>:InitLogging(): Start process logging at level 0 for 'powershell.exe', 'BrShim.dll' build 4.4.33.1019 amd64
2026-10-02 21:33:47.657+03:00[15:49.168] P19216T23384     powershell:BrShim BrShim.cpp<218>:InstallAfterInitUnguarded(): BrShim 4.4.33.1019 loaded 45ms after process creation.
2026-10-02 21:33:47.657+03:00[15:49.169] P19216T23384     powershell:BrShim BrHookLoad.cpp<45>:LoadBrHook(): Loading: C:\Program Files\HP\Sure Click\servers\BrHook.dll
2026-10-02 21:33:47.671+03:00[15:49.176] P19216T23384 EVT powershell:BrHook Logs.cpp<330>:InitLogging(): Start process logging at level 0 for 'powershell.exe', 'BrHook.dll' build 4.4.33.1019 amd64
2026-10-02 21:33:47.671+03:00[15:49.177] P19216T23384 dbg powershell:BrHook settings.cpp<588>:GetActiveVersionWithPath(): - Found active version from CurrentVersion key 4.4.33.1019
2026-10-02 21:33:47.671+03:00[15:49.177] P19216T23384     powershell:BrHook BrHook.cpp<1884>:DllMain(): BrHook loaded 57ms after process creation.
2026-10-02 21:33:47.671+03:00[15:49.177] P19216T23384     powershell:BrHook BrHook.cpp<1897>:DllMain(): Attach completed in 0ms.
2026-10-02 21:33:47.671+03:00[15:49.177] P19216T23384     powershell:BrHook BrHook.cpp<1782>:InitHooks(): Not initializing hooks because Bromium/Untrusted is disabled
2026-10-02 21:33:47.675+03:00[15:49.181] P19216T11212 trc powershell:BrHook observer_thread.cpp<64>:RealThreadMain(): Registry Watcher Thread: 11212
2026-10-02 21:34:01.937+03:00[16:03.457] P16504T13072 EVT powershell:BrShim Logs.cpp<330>:InitLogging(): Start process logging at level 0 for 'powershell.exe', 'BrShim.dll' build 4.4.33.1019 amd64
2026-10-02 21:34:01.937+03:00[16:03.457] P16504T13072     powershell:BrShim BrShim.cpp<218>:InstallAfterInitUnguarded(): BrShim 4.4.33.1019 loaded 28ms after process creation.
2026-10-02 21:34:01.937+03:00[16:03.458] P16504T13072     powershell:BrShim BrHookLoad.cpp<45>:LoadBrHook(): Loading: C:\Program Files\HP\Sure Click\servers\BrHook.dll
2026-10-02 21:34:01.953+03:00[16:03.465] P16504T13072 EVT powershell:BrHook Logs.cpp<330>:InitLogging(): Start process logging at level 0 for 'powershell.exe', 'BrHook.dll' build 4.4.33.1019 amd64
2026-10-02 21:34:01.953+03:00[16:03.465] P16504T13072 dbg powershell:BrHook settings.cpp<588>:GetActiveVersionWithPath(): - Found active version from CurrentVersion key 4.4.33.1019
2026-10-02 21:34:01.953+03:00[16:03.465] P16504T13072     powershell:BrHook BrHook.cpp<1884>:DllMain(): BrHook loaded 44ms after process creation.
2026-10-02 21:34:01.953+03:00[16:03.465] P16504T13072     powershell:BrHook BrHook.cpp<1897>:DllMain(): Attach completed in 0ms.
2026-10-02 21:34:01.953+03:00[16:03.466] P16504T13072     powershell:BrHook BrHook.cpp<1782>:InitHooks(): Not initializing hooks because Bromium/Untrusted is disabled
2026-10-02 21:34:01.953+03:00[16:03.469] P16504T07504 trc powershell:BrHook observer_thread.cpp<64>:RealThreadMain(): Registry Watcher Thread: 7504
2026-10-02 21:41:40.143+03:00[23:41.658] P09848T03820 EVT powershell:BrShim Logs.cpp<330>:InitLogging(): Start process logging at level 0 for 'powershell.exe', 'BrShim.dll' build 4.4.33.1019 amd64
2026-10-02 21:41:40.143+03:00[23:41.658] P09848T03820     powershell:BrShim BrShim.cpp<218>:InstallAfterInitUnguarded(): BrShim 4.4.33.1019 loaded 29ms after process creation.
2026-10-02 21:41:40.143+03:00[23:41.658] P09848T03820     powershell:BrShim BrHookLoad.cpp<45>:LoadBrHook(): Loading: C:\Program Files\HP\Sure Click\servers\BrHook.dll
2026-10-02 21:41:40.158+03:00[23:41.665] P09848T03820 EVT powershell:BrHook Logs.cpp<330>:InitLogging(): Start process logging at level 0 for 'powershell.exe', 'BrHook.dll' build 4.4.33.1019 amd64
2026-10-02 21:41:40.158+03:00[23:41.666] P09848T03820 dbg powershell:BrHook settings.cpp<588>:GetActiveVersionWithPath(): - Found active version from CurrentVersion key 4.4.33.1019
2026-10-02 21:41:40.158+03:00[23:41.666] P09848T03820     powershell:BrHook BrHook.cpp<1884>:DllMain(): BrHook loaded 45ms after process creation.
2026-10-02 21:41:40.158+03:00[23:41.666] P09848T03820     powershell:BrHook BrHook.cpp<1897>:DllMain(): Attach completed in 0ms.
2026-10-02 21:41:40.158+03:00[23:41.666] P09848T03820     powershell:BrHook BrHook.cpp<1782>:InitHooks(): Not initializing hooks because Bromium/Untrusted is disabled
2026-10-02 21:41:40.158+03:00[23:41.669] P09848T25444 trc powershell:BrHook observer_thread.cpp<64>:RealThreadMain(): Registry Watcher Thread: 25444
2026-10-02 21:47:15.316+03:00[29:16.825] P20840T24136 EVT powershell:BrShim Logs.cpp<330>:InitLogging(): Start process logging at level 0 for 'powershell.exe', 'BrShim.dll' build 4.4.33.1019 amd64
2026-10-02 21:47:15.316+03:00[29:16.826] P20840T24136     powershell:BrShim BrShim.cpp<218>:InstallAfterInitUnguarded(): BrShim 4.4.33.1019 loaded 34ms after process creation.
2026-10-02 21:47:15.316+03:00[29:16.826] P20840T24136     powershell:BrShim BrHookLoad.cpp<45>:LoadBrHook(): Loading: C:\Program Files\HP\Sure Click\servers\BrHook.dll
2026-10-02 21:47:15.316+03:00[29:16.834] P20840T24136 EVT powershell:BrHook Logs.cpp<330>:InitLogging(): Start process logging at level 0 for 'powershell.exe', 'BrHook.dll' build 4.4.33.1019 amd64
2026-10-02 21:47:15.316+03:00[29:16.834] P20840T24136 dbg powershell:BrHook settings.cpp<588>:GetActiveVersionWithPath(): - Found active version from CurrentVersion key 4.4.33.1019
2026-10-02 21:47:15.316+03:00[29:16.834] P20840T24136     powershell:BrHook BrHook.cpp<1884>:DllMain(): BrHook loaded 34ms after process creation.
2026-10-02 21:47:15.316+03:00[29:16.834] P20840T24136     powershell:BrHook BrHook.cpp<1897>:DllMain(): Attach completed in 0ms.
2026-10-02 21:47:15.316+03:00[29:16.834] P20840T24136     powershell:BrHook BrHook.cpp<1782>:InitHooks(): Not initializing hooks because Bromium/Untrusted is disabled
2026-10-02 21:47:15.332+03:00[29:16.839] P20840T16504 trc powershell:BrHook observer_thread.cpp<64>:RealThreadMain(): Registry Watcher Thread: 16504
2026-10-02 21:53:20.926+03:00[35:22.433] P01252T19896 EVT powershell:BrShim Logs.cpp<330>:InitLogging(): Start process logging at level 0 for 'powershell.exe', 'BrShim.dll' build 4.4.33.1019 amd64
2026-10-02 21:53:20.929+03:00[35:22.433] P01252T19896     powershell:BrShim BrShim.cpp<218>:InstallAfterInitUnguarded(): BrShim 4.4.33.1019 loaded 43ms after process creation.
2026-10-02 21:53:20.929+03:00[35:22.433] P01252T19896     powershell:BrShim BrHookLoad.cpp<45>:LoadBrHook(): Loading: C:\Program Files\HP\Sure Click\servers\BrHook.dll
2026-10-02 21:53:20.938+03:00[35:22.442] P01252T19896 EVT powershell:BrHook Logs.cpp<330>:InitLogging(): Start process logging at level 0 for 'powershell.exe', 'BrHook.dll' build 4.4.33.1019 amd64
2026-10-02 21:53:20.938+03:00[35:22.443] P01252T19896 dbg powershell:BrHook settings.cpp<588>:GetActiveVersionWithPath(): - Found active version from CurrentVersion key 4.4.33.1019
2026-10-02 21:53:20.938+03:00[35:22.443] P01252T19896     powershell:BrHook BrHook.cpp<1884>:DllMain(): BrHook loaded 53ms after process creation.
2026-10-02 21:53:20.938+03:00[35:22.443] P01252T19896     powershell:BrHook BrHook.cpp<1897>:DllMain(): Attach completed in 15ms.
2026-10-02 21:53:20.938+03:00[35:22.443] P01252T19896     powershell:BrHook BrHook.cpp<1782>:InitHooks(): Not initializing hooks because Bromium/Untrusted is disabled
2026-10-02 21:53:20.942+03:00[35:22.446] P01252T16816 trc powershell:BrHook observer_thread.cpp<64>:RealThreadMain(): Registry Watcher Thread: 16816
2026-10-02 21:56:39.895+03:00[38:41.409] P21464T03848 EVT powershell:BrShim Logs.cpp<330>:InitLogging(): Start process logging at level 0 for 'powershell.exe', 'BrShim.dll' build 4.4.33.1019 amd64
2026-10-02 21:56:39.895+03:00[38:41.409] P21464T03848     powershell:BrShim BrShim.cpp<218>:InstallAfterInitUnguarded(): BrShim 4.4.33.1019 loaded 36ms after process creation.
2026-10-02 21:56:39.895+03:00[38:41.409] P21464T03848     powershell:BrShim BrHookLoad.cpp<45>:LoadBrHook(): Loading: C:\Program Files\HP\Sure Click\servers\BrHook.dll
2026-10-02 21:56:39.910+03:00[38:41.420] P21464T03848 EVT powershell:BrHook Logs.cpp<330>:InitLogging(): Start process logging at level 0 for 'powershell.exe', 'BrHook.dll' build 4.4.33.1019 amd64
2026-10-02 21:56:39.910+03:00[38:41.420] P21464T03848 dbg powershell:BrHook settings.cpp<588>:GetActiveVersionWithPath(): - Found active version from CurrentVersion key 4.4.33.1019
2026-10-02 21:56:39.910+03:00[38:41.421] P21464T03848     powershell:BrHook BrHook.cpp<1884>:DllMain(): BrHook loaded 52ms after process creation.
2026-10-02 21:56:39.910+03:00[38:41.421] P21464T03848     powershell:BrHook BrHook.cpp<1897>:DllMain(): Attach completed in 0ms.
2026-10-02 21:56:39.910+03:00[38:41.421] P21464T03848     powershell:BrHook BrHook.cpp<1782>:InitHooks(): Not initializing hooks because Bromium/Untrusted is disabled
2026-10-02 21:56:39.920+03:00[38:41.425] P21464T05232 trc powershell:BrHook observer_thread.cpp<64>:RealThreadMain(): Registry Watcher Thread: 5232
2026-10-02 22:04:49.721+03:00[46:51.232] P24508T16644 EVT powershell:BrShim Logs.cpp<330>:InitLogging(): Start process logging at level 0 for 'powershell.exe', 'BrShim.dll' build 4.4.33.1019 amd64
2026-10-02 22:04:49.721+03:00[46:51.232] P24508T16644     powershell:BrShim BrShim.cpp<218>:InstallAfterInitUnguarded(): BrShim 4.4.33.1019 loaded 42ms after process creation.
2026-10-02 22:04:49.721+03:00[46:51.233] P24508T16644     powershell:BrShim BrHookLoad.cpp<45>:LoadBrHook(): Loading: C:\Program Files\HP\Sure Click\servers\BrHook.dll
2026-10-02 22:04:49.737+03:00[46:51.244] P24508T16644 EVT powershell:BrHook Logs.cpp<330>:InitLogging(): Start process logging at level 0 for 'powershell.exe', 'BrHook.dll' build 4.4.33.1019 amd64
2026-10-02 22:04:49.737+03:00[46:51.244] P24508T16644 dbg powershell:BrHook settings.cpp<588>:GetActiveVersionWithPath(): - Found active version from CurrentVersion key 4.4.33.1019
2026-10-02 22:04:49.737+03:00[46:51.244] P24508T16644     powershell:BrHook BrHook.cpp<1884>:DllMain(): BrHook loaded 42ms after process creation.
2026-10-02 22:04:49.737+03:00[46:51.244] P24508T16644     powershell:BrHook BrHook.cpp<1897>:DllMain(): Attach completed in 15ms.
2026-10-02 22:04:49.737+03:00[46:51.244] P24508T16644     powershell:BrHook BrHook.cpp<1782>:InitHooks(): Not initializing hooks because Bromium/Untrusted is disabled
2026-10-02 22:04:49.743+03:00[46:51.249] P24508T23256 trc powershell:BrHook observer_thread.cpp<64>:RealThreadMain(): Registry Watcher Thread: 23256
2026-10-02 22:04:57.676+03:00[46:59.181] P24904T11260 EVT powershell:BrShim Logs.cpp<330>:InitLogging(): Start process logging at level 0 for 'powershell.exe', 'BrShim.dll' build 4.4.33.1019 amd64
2026-10-02 22:04:57.676+03:00[46:59.181] P24904T11260     powershell:BrShim BrShim.cpp<218>:InstallAfterInitUnguarded(): BrShim 4.4.33.1019 loaded 44ms after process creation.
2026-10-02 22:04:57.676+03:00[46:59.182] P24904T11260     powershell:BrShim BrHookLoad.cpp<45>:LoadBrHook(): Loading: C:\Program Files\HP\Sure Click\servers\BrHook.dll
2026-10-02 22:04:57.684+03:00[46:59.193] P24904T11260 EVT powershell:BrHook Logs.cpp<330>:InitLogging(): Start process logging at level 0 for 'powershell.exe', 'BrHook.dll' build 4.4.33.1019 amd64
2026-10-02 22:04:57.684+03:00[46:59.193] P24904T11260 dbg powershell:BrHook settings.cpp<588>:GetActiveVersionWithPath(): - Found active version from CurrentVersion key 4.4.33.1019
2026-10-02 22:04:57.684+03:00[46:59.193] P24904T11260     powershell:BrHook BrHook.cpp<1884>:DllMain(): BrHook loaded 57ms after process creation.
2026-10-02 22:04:57.684+03:00[46:59.193] P24904T11260     powershell:BrHook BrHook.cpp<1897>:DllMain(): Attach completed in 0ms.
2026-10-02 22:04:57.684+03:00[46:59.193] P24904T11260     powershell:BrHook BrHook.cpp<1782>:InitHooks(): Not initializing hooks because Bromium/Untrusted is disabled
2026-10-02 22:04:57.691+03:00[46:59.198] P24904T04948 trc powershell:BrHook observer_thread.cpp<64>:RealThreadMain(): Registry Watcher Thread: 4948
2026-10-02 22:04:59.093+03:00[47:00.609] P17740T22424 EVT powershell:BrShim Logs.cpp<330>:InitLogging(): Start process logging at level 0 for 'powershell.exe', 'BrShim.dll' build 4.4.33.1019 amd64
2026-10-02 22:04:59.093+03:00[47:00.609] P17740T22424     powershell:BrShim BrShim.cpp<218>:InstallAfterInitUnguarded(): BrShim 4.4.33.1019 loaded 31ms after process creation.
2026-10-02 22:04:59.093+03:00[47:00.609] P17740T22424     powershell:BrShim BrHookLoad.cpp<45>:LoadBrHook(): Loading: C:\Program Files\HP\Sure Click\servers\BrHook.dll
2026-10-02 22:04:59.116+03:00[47:00.620] P17740T22424 EVT powershell:BrHook Logs.cpp<330>:InitLogging(): Start process logging at level 0 for 'powershell.exe', 'BrHook.dll' build 4.4.33.1019 amd64
2026-10-02 22:04:59.116+03:00[47:00.621] P17740T22424 dbg powershell:BrHook settings.cpp<588>:GetActiveVersionWithPath(): - Found active version from CurrentVersion key 4.4.33.1019
2026-10-02 22:04:59.116+03:00[47:00.621] P17740T22424     powershell:BrHook BrHook.cpp<1884>:DllMain(): BrHook loaded 50ms after process creation.
2026-10-02 22:04:59.116+03:00[47:00.621] P17740T22424     powershell:BrHook BrHook.cpp<1897>:DllMain(): Attach completed in 0ms.
2026-10-02 22:04:59.116+03:00[47:00.621] P17740T22424     powershell:BrHook BrHook.cpp<1782>:InitHooks(): Not initializing hooks because Bromium/Untrusted is disabled
2026-10-02 22:04:59.120+03:00[47:00.625] P17740T22664 trc powershell:BrHook observer_thread.cpp<64>:RealThreadMain(): Registry Watcher Thread: 22664
2026-10-02 22:05:06.287+03:00[47:07.792] P16984T04772 EVT powershell:BrShim Logs.cpp<330>:InitLogging(): Start process logging at level 0 for 'powershell.exe', 'BrShim.dll' build 4.4.33.1019 amd64
2026-10-02 22:05:06.287+03:00[47:07.792] P16984T04772     powershell:BrShim BrShim.cpp<218>:InstallAfterInitUnguarded(): BrShim 4.4.33.1019 loaded 42ms after process creation.
2026-10-02 22:05:06.287+03:00[47:07.793] P16984T04772     powershell:BrShim BrHookLoad.cpp<45>:LoadBrHook(): Loading: C:\Program Files\HP\Sure Click\servers\BrHook.dll
2026-10-02 22:05:06.293+03:00[47:07.803] P16984T04772 EVT powershell:BrHook Logs.cpp<330>:InitLogging(): Start process logging at level 0 for 'powershell.exe', 'BrHook.dll' build 4.4.33.1019 amd64
2026-10-02 22:05:06.293+03:00[47:07.804] P16984T04772 dbg powershell:BrHook settings.cpp<588>:GetActiveVersionWithPath(): - Found active version from CurrentVersion key 4.4.33.1019
2026-10-02 22:05:06.293+03:00[47:07.804] P16984T04772     powershell:BrHook BrHook.cpp<1884>:DllMain(): BrHook loaded 52ms after process creation.
2026-10-02 22:05:06.293+03:00[47:07.804] P16984T04772     powershell:BrHook BrHook.cpp<1897>:DllMain(): Attach completed in 0ms.
2026-10-02 22:05:06.293+03:00[47:07.804] P16984T04772     powershell:BrHook BrHook.cpp<1782>:InitHooks(): Not initializing hooks because Bromium/Untrusted is disabled
2026-10-02 22:05:06.293+03:00[47:07.808] P16984T07440 trc powershell:BrHook observer_thread.cpp<64>:RealThreadMain(): Registry Watcher Thread: 7440
2026-10-02 22:05:16.409+03:00[47:17.925] P22180T06204 EVT powershell:BrShim Logs.cpp<330>:InitLogging(): Start process logging at level 0 for 'powershell.exe', 'BrShim.dll' build 4.4.33.1019 amd64
2026-10-02 22:05:16.409+03:00[47:17.926] P22180T06204     powershell:BrShim BrShim.cpp<218>:InstallAfterInitUnguarded(): BrShim 4.4.33.1019 loaded 31ms after process creation.
2026-10-02 22:05:16.409+03:00[47:17.926] P22180T06204     powershell:BrShim BrHookLoad.cpp<45>:LoadBrHook(): Loading: C:\Program Files\HP\Sure Click\servers\BrHook.dll
2026-10-02 22:05:16.432+03:00[47:17.937] P22180T06204 EVT powershell:BrHook Logs.cpp<330>:InitLogging(): Start process logging at level 0 for 'powershell.exe', 'BrHook.dll' build 4.4.33.1019 amd64
2026-10-02 22:05:16.432+03:00[47:17.937] P22180T06204 dbg powershell:BrHook settings.cpp<588>:GetActiveVersionWithPath(): - Found active version from CurrentVersion key 4.4.33.1019
2026-10-02 22:05:16.432+03:00[47:17.937] P22180T06204     powershell:BrHook BrHook.cpp<1884>:DllMain(): BrHook loaded 51ms after process creation.
2026-10-02 22:05:16.432+03:00[47:17.938] P22180T06204     powershell:BrHook BrHook.cpp<1897>:DllMain(): Attach completed in 0ms.
2026-10-02 22:05:16.432+03:00[47:17.938] P22180T06204     powershell:BrHook BrHook.cpp<1782>:InitHooks(): Not initializing hooks because Bromium/Untrusted is disabled
2026-10-02 22:05:16.432+03:00[47:17.942] P22180T23456 trc powershell:BrHook observer_thread.cpp<64>:RealThreadMain(): Registry Watcher Thread: 23456
2026-10-02 22:05:45.502+03:00[47:47.010] P17348T11372 EVT powershell:BrShim Logs.cpp<330>:InitLogging(): Start process logging at level 0 for 'powershell.exe', 'BrShim.dll' build 4.4.33.1019 amd64
2026-10-02 22:05:45.502+03:00[47:47.010] P17348T11372     powershell:BrShim BrShim.cpp<218>:InstallAfterInitUnguarded(): BrShim 4.4.33.1019 loaded 34ms after process creation.
2026-10-02 22:05:45.502+03:00[47:47.010] P17348T11372     powershell:BrShim BrHookLoad.cpp<45>:LoadBrHook(): Loading: C:\Program Files\HP\Sure Click\servers\BrHook.dll
2026-10-02 22:05:45.512+03:00[47:47.021] P17348T11372 EVT powershell:BrHook Logs.cpp<330>:InitLogging(): Start process logging at level 0 for 'powershell.exe', 'BrHook.dll' build 4.4.33.1019 amd64
2026-10-02 22:05:45.512+03:00[47:47.021] P17348T11372 dbg powershell:BrHook settings.cpp<588>:GetActiveVersionWithPath(): - Found active version from CurrentVersion key 4.4.33.1019
2026-10-02 22:05:45.512+03:00[47:47.021] P17348T11372     powershell:BrHook BrHook.cpp<1884>:DllMain(): BrHook loaded 51ms after process creation.
2026-10-02 22:05:45.512+03:00[47:47.021] P17348T11372     powershell:BrHook BrHook.cpp<1897>:DllMain(): Attach completed in 0ms.
2026-10-02 22:05:45.512+03:00[47:47.021] P17348T11372     powershell:BrHook BrHook.cpp<1782>:InitHooks(): Not initializing hooks because Bromium/Untrusted is disabled
2026-10-02 22:05:45.520+03:00[47:47.027] P17348T19552 trc powershell:BrHook observer_thread.cpp<64>:RealThreadMain(): Registry Watcher Thread: 19552
2026-10-02 22:15:25.125+03:00[57:26.636] P09888T11212 EVT powershell:BrShim Logs.cpp<330>:InitLogging(): Start process logging at level 0 for 'powershell.exe', 'BrShim.dll' build 4.4.33.1019 amd64
2026-10-02 22:15:25.125+03:00[57:26.637] P09888T11212     powershell:BrShim BrShim.cpp<218>:InstallAfterInitUnguarded(): BrShim 4.4.33.1019 loaded 40ms after process creation.
2026-10-02 22:15:25.125+03:00[57:26.637] P09888T11212     powershell:BrShim BrHookLoad.cpp<45>:LoadBrHook(): Loading: C:\Program Files\HP\Sure Click\servers\BrHook.dll
2026-10-02 22:15:25.143+03:00[57:26.648] P09888T11212 EVT powershell:BrHook Logs.cpp<330>:InitLogging(): Start process logging at level 0 for 'powershell.exe', 'BrHook.dll' build 4.4.33.1019 amd64
2026-10-02 22:15:25.143+03:00[57:26.648] P09888T11212 dbg powershell:BrHook settings.cpp<588>:GetActiveVersionWithPath(): - Found active version from CurrentVersion key 4.4.33.1019
2026-10-02 22:15:25.143+03:00[57:26.648] P09888T11212     powershell:BrHook BrHook.cpp<1884>:DllMain(): BrHook loaded 54ms after process creation.
2026-10-02 22:15:25.143+03:00[57:26.648] P09888T11212     powershell:BrHook BrHook.cpp<1897>:DllMain(): Attach completed in 16ms.
2026-10-02 22:15:25.143+03:00[57:26.649] P09888T11212     powershell:BrHook BrHook.cpp<1782>:InitHooks(): Not initializing hooks because Bromium/Untrusted is disabled
2026-10-02 22:15:25.147+03:00[57:26.653] P09888T07900 trc powershell:BrHook observer_thread.cpp<64>:RealThreadMain(): Registry Watcher Thread: 7900
2026-10-02 22:17:57.756+03:00[59:59.273] P09220T24484 EVT powershell:BrShim Logs.cpp<330>:InitLogging(): Start process logging at level 0 for 'powershell.exe', 'BrShim.dll' build 4.4.33.1019 amd64
2026-10-02 22:17:57.769+03:00[59:59.274] P09220T24484     powershell:BrShim BrShim.cpp<218>:InstallAfterInitUnguarded(): BrShim 4.4.33.1019 loaded 36ms after process creation.
2026-10-02 22:17:57.769+03:00[59:59.274] P09220T24484     powershell:BrShim BrHookLoad.cpp<45>:LoadBrHook(): Loading: C:\Program Files\HP\Sure Click\servers\BrHook.dll
2026-10-02 22:17:57.778+03:00[59:59.284] P09220T24484 EVT powershell:BrHook Logs.cpp<330>:InitLogging(): Start process logging at level 0 for 'powershell.exe', 'BrHook.dll' build 4.4.33.1019 amd64
2026-10-02 22:17:57.780+03:00[59:59.284] P09220T24484 dbg powershell:BrHook settings.cpp<588>:GetActiveVersionWithPath(): - Found active version from CurrentVersion key 4.4.33.1019
2026-10-02 22:17:57.780+03:00[59:59.285] P09220T24484     powershell:BrHook BrHook.cpp<1884>:DllMain(): BrHook loaded 56ms after process creation.
2026-10-02 22:17:57.780+03:00[59:59.285] P09220T24484     powershell:BrHook BrHook.cpp<1897>:DllMain(): Attach completed in 0ms.
2026-10-02 22:17:57.780+03:00[59:59.285] P09220T24484     powershell:BrHook BrHook.cpp<1782>:InitHooks(): Not initializing hooks because Bromium/Untrusted is disabled
2026-10-02 22:17:57.785+03:00[59:59.290] P09220T17180 trc powershell:BrHook observer_thread.cpp<64>:RealThreadMain(): Registry Watcher Thread: 17180
2026-10-02 22:25:58.852+03:00[08:00.358] P02204T11612 EVT powershell:BrShim Logs.cpp<330>:InitLogging(): Start process logging at level 0 for 'powershell.exe', 'BrShim.dll' build 4.4.33.1019 amd64
2026-10-02 22:25:58.852+03:00[08:00.358] P02204T11612     powershell:BrShim BrShim.cpp<218>:InstallAfterInitUnguarded(): BrShim 4.4.33.1019 loaded 41ms after process creation.
2026-10-02 22:25:58.852+03:00[08:00.358] P02204T11612     powershell:BrShim BrHookLoad.cpp<45>:LoadBrHook(): Loading: C:\Program Files\HP\Sure Click\servers\BrHook.dll
2026-10-02 22:25:58.864+03:00[08:00.369] P02204T11612 EVT powershell:BrHook Logs.cpp<330>:InitLogging(): Start process logging at level 0 for 'powershell.exe', 'BrHook.dll' build 4.4.33.1019 amd64
2026-10-02 22:25:58.864+03:00[08:00.370] P02204T11612 dbg powershell:BrHook settings.cpp<588>:GetActiveVersionWithPath(): - Found active version from CurrentVersion key 4.4.33.1019
2026-10-02 22:25:58.864+03:00[08:00.370] P02204T11612     powershell:BrHook BrHook.cpp<1884>:DllMain(): BrHook loaded 54ms after process creation.
2026-10-02 22:25:58.864+03:00[08:00.370] P02204T11612     powershell:BrHook BrHook.cpp<1897>:DllMain(): Attach completed in 0ms.
2026-10-02 22:25:58.864+03:00[08:00.370] P02204T11612     powershell:BrHook BrHook.cpp<1782>:InitHooks(): Not initializing hooks because Bromium/Untrusted is disabled
2026-10-02 22:25:58.866+03:00[08:00.375] P02204T14504 trc powershell:BrHook observer_thread.cpp<64>:RealThreadMain(): Registry Watcher Thread: 14504
2026-10-02 22:26:08.205+03:00[08:09.713] P26188T20684 EVT powershell:BrShim Logs.cpp<330>:InitLogging(): Start process logging at level 0 for 'powershell.exe', 'BrShim.dll' build 4.4.33.1019 amd64
2026-10-02 22:26:08.205+03:00[08:09.713] P26188T20684     powershell:BrShim BrShim.cpp<218>:InstallAfterInitUnguarded(): BrShim 4.4.33.1019 loaded 26ms after process creation.
2026-10-02 22:26:08.205+03:00[08:09.713] P26188T20684     powershell:BrShim BrHookLoad.cpp<45>:LoadBrHook(): Loading: C:\Program Files\HP\Sure Click\servers\BrHook.dll
2026-10-02 22:26:08.205+03:00[08:09.724] P26188T20684 EVT powershell:BrHook Logs.cpp<330>:InitLogging(): Start process logging at level 0 for 'powershell.exe', 'BrHook.dll' build 4.4.33.1019 amd64
2026-10-02 22:26:08.205+03:00[08:09.724] P26188T20684 dbg powershell:BrHook settings.cpp<588>:GetActiveVersionWithPath(): - Found active version from CurrentVersion key 4.4.33.1019
2026-10-02 22:26:08.205+03:00[08:09.724] P26188T20684     powershell:BrHook BrHook.cpp<1884>:DllMain(): BrHook loaded 42ms after process creation.
2026-10-02 22:26:08.205+03:00[08:09.724] P26188T20684     powershell:BrHook BrHook.cpp<1897>:DllMain(): Attach completed in 0ms.
2026-10-02 22:26:08.205+03:00[08:09.724] P26188T20684     powershell:BrHook BrHook.cpp<1782>:InitHooks(): Not initializing hooks because Bromium/Untrusted is disabled
2026-10-02 22:26:08.221+03:00[08:09.728] P26188T15760 trc powershell:BrHook observer_thread.cpp<64>:RealThreadMain(): Registry Watcher Thread: 15760
2026-10-02 22:26:23.541+03:00[08:25.051] P17324T21900 EVT powershell:BrShim Logs.cpp<330>:InitLogging(): Start process logging at level 0 for 'powershell.exe', 'BrShim.dll' build 4.4.33.1019 amd64
2026-10-02 22:26:23.546+03:00[08:25.051] P17324T21900     powershell:BrShim BrShim.cpp<218>:InstallAfterInitUnguarded(): BrShim 4.4.33.1019 loaded 43ms after process creation.
2026-10-02 22:26:23.546+03:00[08:25.051] P17324T21900     powershell:BrShim BrHookLoad.cpp<45>:LoadBrHook(): Loading: C:\Program Files\HP\Sure Click\servers\BrHook.dll
2026-10-02 22:26:23.550+03:00[08:25.062] P17324T21900 EVT powershell:BrHook Logs.cpp<330>:InitLogging(): Start process logging at level 0 for 'powershell.exe', 'BrHook.dll' build 4.4.33.1019 amd64
2026-10-02 22:26:23.550+03:00[08:25.063] P17324T21900 dbg powershell:BrHook settings.cpp<588>:GetActiveVersionWithPath(): - Found active version from CurrentVersion key 4.4.33.1019
2026-10-02 22:26:23.550+03:00[08:25.063] P17324T21900     powershell:BrHook BrHook.cpp<1884>:DllMain(): BrHook loaded 54ms after process creation.
2026-10-02 22:26:23.550+03:00[08:25.063] P17324T21900     powershell:BrHook BrHook.cpp<1897>:DllMain(): Attach completed in 0ms.
2026-10-02 22:26:23.550+03:00[08:25.063] P17324T21900     powershell:BrHook BrHook.cpp<1782>:InitHooks(): Not initializing hooks because Bromium/Untrusted is disabled
2026-10-02 22:26:23.550+03:00[08:25.068] P17324T02636 trc powershell:BrHook observer_thread.cpp<64>:RealThreadMain(): Registry Watcher Thread: 2636
2026-10-02 22:37:44.030+03:00[19:45.545] P25048T23172 EVT powershell:BrShim Logs.cpp<330>:InitLogging(): Start process logging at level 0 for 'powershell.exe', 'BrShim.dll' build 4.4.33.1019 amd64
2026-10-02 22:37:44.030+03:00[19:45.546] P25048T23172     powershell:BrShim BrShim.cpp<218>:InstallAfterInitUnguarded(): BrShim 4.4.33.1019 loaded 37ms after process creation.
2026-10-02 22:37:44.030+03:00[19:45.546] P25048T23172     powershell:BrShim BrHookLoad.cpp<45>:LoadBrHook(): Loading: C:\Program Files\HP\Sure Click\servers\BrHook.dll
2026-10-02 22:37:44.042+03:00[19:45.557] P25048T23172 EVT powershell:BrHook Logs.cpp<330>:InitLogging(): Start process logging at level 0 for 'powershell.exe', 'BrHook.dll' build 4.4.33.1019 amd64
2026-10-02 22:37:44.042+03:00[19:45.557] P25048T23172 dbg powershell:BrHook settings.cpp<588>:GetActiveVersionWithPath(): - Found active version from CurrentVersion key 4.4.33.1019
2026-10-02 22:37:44.042+03:00[19:45.557] P25048T23172     powershell:BrHook BrHook.cpp<1884>:DllMain(): BrHook loaded 49ms after process creation.
2026-10-02 22:37:44.042+03:00[19:45.557] P25048T23172     powershell:BrHook BrHook.cpp<1897>:DllMain(): Attach completed in 0ms.
2026-10-02 22:37:44.042+03:00[19:45.557] P25048T23172     powershell:BrHook BrHook.cpp<1782>:InitHooks(): Not initializing hooks because Bromium/Untrusted is disabled
2026-10-02 22:37:44.055+03:00[19:45.562] P25048T04224 trc powershell:BrHook observer_thread.cpp<64>:RealThreadMain(): Registry Watcher Thread: 4224
2026-10-02 22:37:45.397+03:00[19:46.903] P00400T18548 EVT powershell:BrShim Logs.cpp<330>:InitLogging(): Start process logging at level 0 for 'powershell.exe', 'BrShim.dll' build 4.4.33.1019 amd64
2026-10-02 22:37:45.397+03:00[19:46.903] P00400T18548     powershell:BrShim BrShim.cpp<218>:InstallAfterInitUnguarded(): BrShim 4.4.33.1019 loaded 45ms after process creation.
2026-10-02 22:37:45.399+03:00[19:46.904] P00400T18548     powershell:BrShim BrHookLoad.cpp<45>:LoadBrHook(): Loading: C:\Program Files\HP\Sure Click\servers\BrHook.dll
2026-10-02 22:37:45.409+03:00[19:46.914] P00400T18548 EVT powershell:BrHook Logs.cpp<330>:InitLogging(): Start process logging at level 0 for 'powershell.exe', 'BrHook.dll' build 4.4.33.1019 amd64
2026-10-02 22:37:45.409+03:00[19:46.915] P00400T18548 dbg powershell:BrHook settings.cpp<588>:GetActiveVersionWithPath(): - Found active version from CurrentVersion key 4.4.33.1019
2026-10-02 22:37:45.409+03:00[19:46.915] P00400T18548     powershell:BrHook BrHook.cpp<1884>:DllMain(): BrHook loaded 59ms after process creation.
2026-10-02 22:37:45.409+03:00[19:46.915] P00400T18548     powershell:BrHook BrHook.cpp<1897>:DllMain(): Attach completed in 0ms.
2026-10-02 22:37:45.409+03:00[19:46.915] P00400T18548     powershell:BrHook BrHook.cpp<1782>:InitHooks(): Not initializing hooks because Bromium/Untrusted is disabled
2026-10-02 22:37:45.412+03:00[19:46.920] P00400T23584 trc powershell:BrHook observer_thread.cpp<64>:RealThreadMain(): Registry Watcher Thread: 23584
2026-10-02 22:37:46.761+03:00[19:48.271] P23640T22288 EVT powershell:BrShim Logs.cpp<330>:InitLogging(): Start process logging at level 0 for 'powershell.exe', 'BrShim.dll' build 4.4.33.1019 amd64
2026-10-02 22:37:46.761+03:00[19:48.271] P23640T22288     powershell:BrShim BrShim.cpp<218>:InstallAfterInitUnguarded(): BrShim 4.4.33.1019 loaded 40ms after process creation.
2026-10-02 22:37:46.761+03:00[19:48.272] P23640T22288     powershell:BrShim BrHookLoad.cpp<45>:LoadBrHook(): Loading: C:\Program Files\HP\Sure Click\servers\BrHook.dll
2026-10-02 22:37:46.777+03:00[19:48.282] P23640T22288 EVT powershell:BrHook Logs.cpp<330>:InitLogging(): Start process logging at level 0 for 'powershell.exe', 'BrHook.dll' build 4.4.33.1019 amd64
2026-10-02 22:37:46.777+03:00[19:48.282] P23640T22288 dbg powershell:BrHook settings.cpp<588>:GetActiveVersionWithPath(): - Found active version from CurrentVersion key 4.4.33.1019
2026-10-02 22:37:46.777+03:00[19:48.282] P23640T22288     powershell:BrHook BrHook.cpp<1884>:DllMain(): BrHook loaded 40ms after process creation.
2026-10-02 22:37:46.777+03:00[19:48.282] P23640T22288     powershell:BrHook BrHook.cpp<1897>:DllMain(): Attach completed in 16ms.
2026-10-02 22:37:46.777+03:00[19:48.282] P23640T22288     powershell:BrHook BrHook.cpp<1782>:InitHooks(): Not initializing hooks because Bromium/Untrusted is disabled
2026-10-02 22:37:46.781+03:00[19:48.287] P23640T25628 trc powershell:BrHook observer_thread.cpp<64>:RealThreadMain(): Registry Watcher Thread: 25628
2026-10-02 22:37:48.095+03:00[19:49.604] P12216T23012 EVT powershell:BrShim Logs.cpp<330>:InitLogging(): Start process logging at level 0 for 'powershell.exe', 'BrShim.dll' build 4.4.33.1019 amd64
2026-10-02 22:37:48.095+03:00[19:49.604] P12216T23012     powershell:BrShim BrShim.cpp<218>:InstallAfterInitUnguarded(): BrShim 4.4.33.1019 loaded 39ms after process creation.
2026-10-02 22:37:48.095+03:00[19:49.605] P12216T23012     powershell:BrShim BrHookLoad.cpp<45>:LoadBrHook(): Loading: C:\Program Files\HP\Sure Click\servers\BrHook.dll
2026-10-02 22:37:48.095+03:00[19:49.614] P12216T23012 EVT powershell:BrHook Logs.cpp<330>:InitLogging(): Start process logging at level 0 for 'powershell.exe', 'BrHook.dll' build 4.4.33.1019 amd64
2026-10-02 22:37:48.095+03:00[19:49.614] P12216T23012 dbg powershell:BrHook settings.cpp<588>:GetActiveVersionWithPath(): - Found active version from CurrentVersion key 4.4.33.1019
2026-10-02 22:37:48.095+03:00[19:49.615] P12216T23012     powershell:BrHook BrHook.cpp<1884>:DllMain(): BrHook loaded 39ms after process creation.
2026-10-02 22:37:48.095+03:00[19:49.615] P12216T23012     powershell:BrHook BrHook.cpp<1897>:DllMain(): Attach completed in 0ms.
2026-10-02 22:37:48.095+03:00[19:49.615] P12216T23012     powershell:BrHook BrHook.cpp<1782>:InitHooks(): Not initializing hooks because Bromium/Untrusted is disabled
2026-10-02 22:37:48.111+03:00[19:49.619] P12216T25392 trc powershell:BrHook observer_thread.cpp<64>:RealThreadMain(): Registry Watcher Thread: 25392
2026-10-02 22:37:49.394+03:00[19:50.913] P20008T26000 EVT powershell:BrShim Logs.cpp<330>:InitLogging(): Start process logging at level 0 for 'powershell.exe', 'BrShim.dll' build 4.4.33.1019 amd64
2026-10-02 22:37:49.394+03:00[19:50.913] P20008T26000     powershell:BrShim BrShim.cpp<218>:InstallAfterInitUnguarded(): BrShim 4.4.33.1019 loaded 34ms after process creation.
2026-10-02 22:37:49.394+03:00[19:50.913] P20008T26000     powershell:BrShim BrHookLoad.cpp<45>:LoadBrHook(): Loading: C:\Program Files\HP\Sure Click\servers\BrHook.dll
2026-10-02 22:37:49.418+03:00[19:50.924] P20008T26000 EVT powershell:BrHook Logs.cpp<330>:InitLogging(): Start process logging at level 0 for 'powershell.exe', 'BrHook.dll' build 4.4.33.1019 amd64
2026-10-02 22:37:49.420+03:00[19:50.925] P20008T26000 dbg powershell:BrHook settings.cpp<588>:GetActiveVersionWithPath(): - Found active version from CurrentVersion key 4.4.33.1019
2026-10-02 22:37:49.420+03:00[19:50.925] P20008T26000     powershell:BrHook BrHook.cpp<1884>:DllMain(): BrHook loaded 56ms after process creation.
2026-10-02 22:37:49.420+03:00[19:50.925] P20008T26000     powershell:BrHook BrHook.cpp<1897>:DllMain(): Attach completed in 0ms.
2026-10-02 22:37:49.420+03:00[19:50.925] P20008T26000     powershell:BrHook BrHook.cpp<1782>:InitHooks(): Not initializing hooks because Bromium/Untrusted is disabled
2026-10-02 22:37:49.420+03:00[19:50.929] P20008T06204 trc powershell:BrHook observer_thread.cpp<64>:RealThreadMain(): Registry Watcher Thread: 6204
2026-10-02 22:37:50.696+03:00[19:52.206] P22304T05128 EVT powershell:BrShim Logs.cpp<330>:InitLogging(): Start process logging at level 0 for 'powershell.exe', 'BrShim.dll' build 4.4.33.1019 amd64
2026-10-02 22:37:50.696+03:00[19:52.206] P22304T05128     powershell:BrShim BrShim.cpp<218>:InstallAfterInitUnguarded(): BrShim 4.4.33.1019 loaded 41ms after process creation.
2026-10-02 22:37:50.696+03:00[19:52.207] P22304T05128     powershell:BrShim BrHookLoad.cpp<45>:LoadBrHook(): Loading: C:\Program Files\HP\Sure Click\servers\BrHook.dll
2026-10-02 22:37:50.712+03:00[19:52.217] P22304T05128 EVT powershell:BrHook Logs.cpp<330>:InitLogging(): Start process logging at level 0 for 'powershell.exe', 'BrHook.dll' build 4.4.33.1019 amd64
2026-10-02 22:37:50.712+03:00[19:52.218] P22304T05128 dbg powershell:BrHook settings.cpp<588>:GetActiveVersionWithPath(): - Found active version from CurrentVersion key 4.4.33.1019
2026-10-02 22:37:50.712+03:00[19:52.218] P22304T05128     powershell:BrHook BrHook.cpp<1884>:DllMain(): BrHook loaded 54ms after process creation.
2026-10-02 22:37:50.712+03:00[19:52.218] P22304T05128     powershell:BrHook BrHook.cpp<1897>:DllMain(): Attach completed in 0ms.
2026-10-02 22:37:50.712+03:00[19:52.218] P22304T05128     powershell:BrHook BrHook.cpp<1782>:InitHooks(): Not initializing hooks because Bromium/Untrusted is disabled
2026-10-02 22:37:50.714+03:00[19:52.222] P22304T24724 trc powershell:BrHook observer_thread.cpp<64>:RealThreadMain(): Registry Watcher Thread: 24724
2026-10-02 22:37:51.953+03:00[19:53.469] P23396T11992 EVT powershell:BrShim Logs.cpp<330>:InitLogging(): Start process logging at level 0 for 'powershell.exe', 'BrShim.dll' build 4.4.33.1019 amd64
2026-10-02 22:37:51.953+03:00[19:53.470] P23396T11992     powershell:BrShim BrShim.cpp<218>:InstallAfterInitUnguarded(): BrShim 4.4.33.1019 loaded 34ms after process creation.
2026-10-02 22:37:51.953+03:00[19:53.470] P23396T11992     powershell:BrShim BrHookLoad.cpp<45>:LoadBrHook(): Loading: C:\Program Files\HP\Sure Click\servers\BrHook.dll
2026-10-02 22:37:51.969+03:00[19:53.480] P23396T11992 EVT powershell:BrHook Logs.cpp<330>:InitLogging(): Start process logging at level 0 for 'powershell.exe', 'BrHook.dll' build 4.4.33.1019 amd64
2026-10-02 22:37:51.969+03:00[19:53.480] P23396T11992 dbg powershell:BrHook settings.cpp<588>:GetActiveVersionWithPath(): - Found active version from CurrentVersion key 4.4.33.1019
2026-10-02 22:37:51.969+03:00[19:53.480] P23396T11992     powershell:BrHook BrHook.cpp<1884>:DllMain(): BrHook loaded 50ms after process creation.
2026-10-02 22:37:51.969+03:00[19:53.480] P23396T11992     powershell:BrHook BrHook.cpp<1897>:DllMain(): Attach completed in 0ms.
2026-10-02 22:37:51.969+03:00[19:53.481] P23396T11992     powershell:BrHook BrHook.cpp<1782>:InitHooks(): Not initializing hooks because Bromium/Untrusted is disabled
2026-10-02 22:37:51.979+03:00[19:53.485] P23396T07972 trc powershell:BrHook observer_thread.cpp<64>:RealThreadMain(): Registry Watcher Thread: 7972
2026-10-02 22:37:53.311+03:00[19:54.816] P05072T12280 EVT powershell:BrShim Logs.cpp<330>:InitLogging(): Start process logging at level 0 for 'powershell.exe', 'BrShim.dll' build 4.4.33.1019 amd64
2026-10-02 22:37:53.311+03:00[19:54.816] P05072T12280     powershell:BrShim BrShim.cpp<218>:InstallAfterInitUnguarded(): BrShim 4.4.33.1019 loaded 41ms after process creation.
2026-10-02 22:37:53.311+03:00[19:54.817] P05072T12280     powershell:BrShim BrHookLoad.cpp<45>:LoadBrHook(): Loading: C:\Program Files\HP\Sure Click\servers\BrHook.dll
2026-10-02 22:37:53.322+03:00[19:54.829] P05072T12280 EVT powershell:BrHook Logs.cpp<330>:InitLogging(): Start process logging at level 0 for 'powershell.exe', 'BrHook.dll' build 4.4.33.1019 amd64
2026-10-02 22:37:53.324+03:00[19:54.829] P05072T12280 dbg powershell:BrHook settings.cpp<588>:GetActiveVersionWithPath(): - Found active version from CurrentVersion key 4.4.33.1019
2026-10-02 22:37:53.324+03:00[19:54.829] P05072T12280     powershell:BrHook BrHook.cpp<1884>:DllMain(): BrHook loaded 55ms after process creation.
2026-10-02 22:37:53.324+03:00[19:54.829] P05072T12280     powershell:BrHook BrHook.cpp<1897>:DllMain(): Attach completed in 0ms.
2026-10-02 22:37:53.324+03:00[19:54.829] P05072T12280     powershell:BrHook BrHook.cpp<1782>:InitHooks(): Not initializing hooks because Bromium/Untrusted is disabled
2026-10-02 22:37:53.329+03:00[19:54.834] P05072T16388 trc powershell:BrHook observer_thread.cpp<64>:RealThreadMain(): Registry Watcher Thread: 16388
2026-10-02 22:38:33.235+03:00[20:34.754] P08888T20592 EVT powershell:BrShim Logs.cpp<330>:InitLogging(): Start process logging at level 0 for 'powershell.exe', 'BrShim.dll' build 4.4.33.1019 amd64
2026-10-02 22:38:33.235+03:00[20:34.754] P08888T20592     powershell:BrShim BrShim.cpp<218>:InstallAfterInitUnguarded(): BrShim 4.4.33.1019 loaded 30ms after process creation.
2026-10-02 22:38:33.235+03:00[20:34.754] P08888T20592     powershell:BrShim BrHookLoad.cpp<45>:LoadBrHook(): Loading: C:\Program Files\HP\Sure Click\servers\BrHook.dll
2026-10-02 22:38:33.251+03:00[20:34.765] P08888T20592 EVT powershell:BrHook Logs.cpp<330>:InitLogging(): Start process logging at level 0 for 'powershell.exe', 'BrHook.dll' build 4.4.33.1019 amd64
2026-10-02 22:38:33.251+03:00[20:34.765] P08888T20592 dbg powershell:BrHook settings.cpp<588>:GetActiveVersionWithPath(): - Found active version from CurrentVersion key 4.4.33.1019
2026-10-02 22:38:33.251+03:00[20:34.766] P08888T20592     powershell:BrHook BrHook.cpp<1884>:DllMain(): BrHook loaded 46ms after process creation.
2026-10-02 22:38:33.251+03:00[20:34.766] P08888T20592     powershell:BrHook BrHook.cpp<1897>:DllMain(): Attach completed in 0ms.
2026-10-02 22:38:33.251+03:00[20:34.766] P08888T20592     powershell:BrHook BrHook.cpp<1782>:InitHooks(): Not initializing hooks because Bromium/Untrusted is disabled
2026-10-02 22:38:33.264+03:00[20:34.770] P08888T26332 trc powershell:BrHook observer_thread.cpp<64>:RealThreadMain(): Registry Watcher Thread: 26332
2026-10-02 22:38:44.005+03:00[20:45.513] P08848T24540 EVT powershell:BrShim Logs.cpp<330>:InitLogging(): Start process logging at level 0 for 'powershell.exe', 'BrShim.dll' build 4.4.33.1019 amd64
2026-10-02 22:38:44.009+03:00[20:45.513] P08848T24540     powershell:BrShim BrShim.cpp<218>:InstallAfterInitUnguarded(): BrShim 4.4.33.1019 loaded 25ms after process creation.
2026-10-02 22:38:44.009+03:00[20:45.513] P08848T24540     powershell:BrShim BrHookLoad.cpp<45>:LoadBrHook(): Loading: C:\Program Files\HP\Sure Click\servers\BrHook.dll
2026-10-02 22:38:44.015+03:00[20:45.524] P08848T24540 EVT powershell:BrHook Logs.cpp<330>:InitLogging(): Start process logging at level 0 for 'powershell.exe', 'BrHook.dll' build 4.4.33.1019 amd64
2026-10-02 22:38:44.015+03:00[20:45.524] P08848T24540 dbg powershell:BrHook settings.cpp<588>:GetActiveVersionWithPath(): - Found active version from CurrentVersion key 4.4.33.1019
2026-10-02 22:38:44.015+03:00[20:45.524] P08848T24540     powershell:BrHook BrHook.cpp<1884>:DllMain(): BrHook loaded 51ms after process creation.
2026-10-02 22:38:44.015+03:00[20:45.524] P08848T24540     powershell:BrHook BrHook.cpp<1897>:DllMain(): Attach completed in 0ms.
2026-10-02 22:38:44.015+03:00[20:45.525] P08848T24540     powershell:BrHook BrHook.cpp<1782>:InitHooks(): Not initializing hooks because Bromium/Untrusted is disabled
2026-10-02 22:38:44.021+03:00[20:45.529] P08848T24076 trc powershell:BrHook observer_thread.cpp<64>:RealThreadMain(): Registry Watcher Thread: 24076
2026-10-03 11:33:04.337+03:00[15:13.935] P21948T23844 EVT powershell:BrShim Logs.cpp<330>:InitLogging(): Start process logging at level 0 for 'powershell.exe', 'BrShim.dll' build 4.4.33.1019 amd64
2026-10-03 11:33:04.338+03:00[15:13.936] P21948T23844     powershell:BrShim BrShim.cpp<218>:InstallAfterInitUnguarded(): BrShim 4.4.33.1019 loaded 56ms after process creation.
2026-10-03 11:33:04.338+03:00[15:13.937] P21948T23844     powershell:BrShim BrHookLoad.cpp<45>:LoadBrHook(): Loading: C:\Program Files\HP\Sure Click\servers\BrHook.dll
2026-10-03 11:33:04.344+03:00[15:13.947] P21948T23844 EVT powershell:BrHook Logs.cpp<330>:InitLogging(): Start process logging at level 0 for 'powershell.exe', 'BrHook.dll' build 4.4.33.1019 amd64
2026-10-03 11:33:04.344+03:00[15:13.947] P21948T23844 dbg powershell:BrHook settings.cpp<588>:GetActiveVersionWithPath(): - Found active version from CurrentVersion key 4.4.33.1019
2026-10-03 11:33:04.344+03:00[15:13.948] P21948T23844     powershell:BrHook BrHook.cpp<1884>:DllMain(): BrHook loaded 77ms after process creation.
2026-10-03 11:33:04.344+03:00[15:13.948] P21948T23844     powershell:BrHook BrHook.cpp<1897>:DllMain(): Attach completed in 0ms.
2026-10-03 11:33:04.344+03:00[15:13.948] P21948T23844     powershell:BrHook BrHook.cpp<1782>:InitHooks(): Not initializing hooks because Bromium/Untrusted is disabled
2026-10-03 11:33:04.353+03:00[15:13.952] P21948T23052 trc powershell:BrHook observer_thread.cpp<64>:RealThreadMain(): Registry Watcher Thread: 23052
2026-10-03 11:35:33.566+03:00[17:43.163] P03612T25916 EVT powershell:BrShim Logs.cpp<330>:InitLogging(): Start process logging at level 0 for 'powershell.exe', 'BrShim.dll' build 4.4.33.1019 amd64
2026-10-03 11:35:33.566+03:00[17:43.163] P03612T25916     powershell:BrShim BrShim.cpp<218>:InstallAfterInitUnguarded(): BrShim 4.4.33.1019 loaded 42ms after process creation.
2026-10-03 11:35:33.566+03:00[17:43.164] P03612T25916     powershell:BrShim BrHookLoad.cpp<45>:LoadBrHook(): Loading: C:\Program Files\HP\Sure Click\servers\BrHook.dll
2026-10-03 11:35:33.574+03:00[17:43.173] P03612T25916 EVT powershell:BrHook Logs.cpp<330>:InitLogging(): Start process logging at level 0 for 'powershell.exe', 'BrHook.dll' build 4.4.33.1019 amd64
2026-10-03 11:35:33.574+03:00[17:43.173] P03612T25916 dbg powershell:BrHook settings.cpp<588>:GetActiveVersionWithPath(): - Found active version from CurrentVersion key 4.4.33.1019
2026-10-03 11:35:33.574+03:00[17:43.173] P03612T25916     powershell:BrHook BrHook.cpp<1884>:DllMain(): BrHook loaded 55ms after process creation.
2026-10-03 11:35:33.574+03:00[17:43.173] P03612T25916     powershell:BrHook BrHook.cpp<1897>:DllMain(): Attach completed in 0ms.
2026-10-03 11:35:33.574+03:00[17:43.173] P03612T25916     powershell:BrHook BrHook.cpp<1782>:InitHooks(): Not initializing hooks because Bromium/Untrusted is disabled
2026-10-03 11:35:33.579+03:00[17:43.178] P03612T19756 trc powershell:BrHook observer_thread.cpp<64>:RealThreadMain(): Registry Watcher Thread: 19756
2026-10-03 12:00:55.523+03:00[43:05.133] P13836T29760 EVT powershell:BrShim Logs.cpp<330>:InitLogging(): Start process logging at level 0 for 'powershell.exe', 'BrShim.dll' build 4.4.33.1019 amd64
2026-10-03 12:00:55.523+03:00[43:05.133] P13836T29760     powershell:BrShim BrShim.cpp<218>:InstallAfterInitUnguarded(): BrShim 4.4.33.1019 loaded 29ms after process creation.
2026-10-03 12:00:55.523+03:00[43:05.133] P13836T29760     powershell:BrShim BrHookLoad.cpp<45>:LoadBrHook(): Loading: C:\Program Files\HP\Sure Click\servers\BrHook.dll
2026-10-03 12:00:55.539+03:00[43:05.143] P13836T29760 EVT powershell:BrHook Logs.cpp<330>:InitLogging(): Start process logging at level 0 for 'powershell.exe', 'BrHook.dll' build 4.4.33.1019 amd64
2026-10-03 12:00:55.539+03:00[43:05.143] P13836T29760 dbg powershell:BrHook settings.cpp<588>:GetActiveVersionWithPath(): - Found active version from CurrentVersion key 4.4.33.1019
2026-10-03 12:00:55.539+03:00[43:05.143] P13836T29760     powershell:BrHook BrHook.cpp<1884>:DllMain(): BrHook loaded 46ms after process creation.
2026-10-03 12:00:55.539+03:00[43:05.143] P13836T29760     powershell:BrHook BrHook.cpp<1897>:DllMain(): Attach completed in 0ms.
2026-10-03 12:00:55.539+03:00[43:05.143] P13836T29760     powershell:BrHook BrHook.cpp<1782>:InitHooks(): Not initializing hooks because Bromium/Untrusted is disabled
2026-10-03 12:00:55.539+03:00[43:05.148] P13836T30380 trc powershell:BrHook observer_thread.cpp<64>:RealThreadMain(): Registry Watcher Thread: 30380
2026-10-03 12:03:50.050+03:00[45:59.657] P28064T30376 EVT powershell:BrShim Logs.cpp<330>:InitLogging(): Start process logging at level 0 for 'powershell.exe', 'BrShim.dll' build 4.4.33.1019 amd64
2026-10-03 12:03:50.050+03:00[45:59.658] P28064T30376     powershell:BrShim BrShim.cpp<218>:InstallAfterInitUnguarded(): BrShim 4.4.33.1019 loaded 33ms after process creation.
2026-10-03 12:03:50.050+03:00[45:59.658] P28064T30376     powershell:BrShim BrHookLoad.cpp<45>:LoadBrHook(): Loading: C:\Program Files\HP\Sure Click\servers\BrHook.dll
2026-10-03 12:03:50.083+03:00[45:59.681] P28064T30376 EVT powershell:BrHook Logs.cpp<330>:InitLogging(): Start process logging at level 0 for 'powershell.exe', 'BrHook.dll' build 4.4.33.1019 amd64
2026-10-03 12:03:50.084+03:00[45:59.682] P28064T30376 dbg powershell:BrHook settings.cpp<588>:GetActiveVersionWithPath(): - Found active version from CurrentVersion key 4.4.33.1019
2026-10-03 12:03:50.084+03:00[45:59.682] P28064T30376     powershell:BrHook BrHook.cpp<1884>:DllMain(): BrHook loaded 56ms after process creation.
2026-10-03 12:03:50.084+03:00[45:59.682] P28064T30376     powershell:BrHook BrHook.cpp<1897>:DllMain(): Attach completed in 16ms.
2026-10-03 12:03:50.084+03:00[45:59.682] P28064T30376     powershell:BrHook BrHook.cpp<1782>:InitHooks(): Not initializing hooks because Bromium/Untrusted is disabled
2026-10-03 12:03:50.084+03:00[45:59.686] P28064T25184 trc powershell:BrHook observer_thread.cpp<64>:RealThreadMain(): Registry Watcher Thread: 25184
2026-10-03 12:12:24.032+03:00[54:33.631] P25972T17104 EVT powershell:BrShim Logs.cpp<330>:InitLogging(): Start process logging at level 0 for 'powershell.exe', 'BrShim.dll' build 4.4.33.1019 amd64
2026-10-03 12:12:24.032+03:00[54:33.631] P25972T17104     powershell:BrShim BrShim.cpp<218>:InstallAfterInitUnguarded(): BrShim 4.4.33.1019 loaded 48ms after process creation.
2026-10-03 12:12:24.034+03:00[54:33.631] P25972T17104     powershell:BrShim BrHookLoad.cpp<45>:LoadBrHook(): Loading: C:\Program Files\HP\Sure Click\servers\BrHook.dll
2026-10-03 12:12:24.044+03:00[54:33.642] P25972T17104 EVT powershell:BrHook Logs.cpp<330>:InitLogging(): Start process logging at level 0 for 'powershell.exe', 'BrHook.dll' build 4.4.33.1019 amd64
2026-10-03 12:12:24.044+03:00[54:33.642] P25972T17104 dbg powershell:BrHook settings.cpp<588>:GetActiveVersionWithPath(): - Found active version from CurrentVersion key 4.4.33.1019
2026-10-03 12:12:24.044+03:00[54:33.642] P25972T17104     powershell:BrHook BrHook.cpp<1884>:DllMain(): BrHook loaded 63ms after process creation.
2026-10-03 12:12:24.044+03:00[54:33.642] P25972T17104     powershell:BrHook BrHook.cpp<1897>:DllMain(): Attach completed in 0ms.
2026-10-03 12:12:24.045+03:00[54:33.643] P25972T17104     powershell:BrHook BrHook.cpp<1782>:InitHooks(): Not initializing hooks because Bromium/Untrusted is disabled
2026-10-03 12:12:24.048+03:00[54:33.647] P25972T17212 trc powershell:BrHook observer_thread.cpp<64>:RealThreadMain(): Registry Watcher Thread: 17212
2026-10-03 12:12:26.013+03:00[54:35.612] P23616T25076 EVT powershell:BrShim Logs.cpp<330>:InitLogging(): Start process logging at level 0 for 'powershell.exe', 'BrShim.dll' build 4.4.33.1019 amd64
2026-10-03 12:12:26.013+03:00[54:35.612] P23616T25076     powershell:BrShim BrShim.cpp<218>:InstallAfterInitUnguarded(): BrShim 4.4.33.1019 loaded 42ms after process creation.
2026-10-03 12:12:26.015+03:00[54:35.612] P23616T25076     powershell:BrShim BrHookLoad.cpp<45>:LoadBrHook(): Loading: C:\Program Files\HP\Sure Click\servers\BrHook.dll
2026-10-03 12:12:26.025+03:00[54:35.623] P23616T25076 EVT powershell:BrHook Logs.cpp<330>:InitLogging(): Start process logging at level 0 for 'powershell.exe', 'BrHook.dll' build 4.4.33.1019 amd64
2026-10-03 12:12:26.025+03:00[54:35.623] P23616T25076 dbg powershell:BrHook settings.cpp<588>:GetActiveVersionWithPath(): - Found active version from CurrentVersion key 4.4.33.1019
2026-10-03 12:12:26.025+03:00[54:35.623] P23616T25076     powershell:BrHook BrHook.cpp<1884>:DllMain(): BrHook loaded 55ms after process creation.
2026-10-03 12:12:26.025+03:00[54:35.623] P23616T25076     powershell:BrHook BrHook.cpp<1897>:DllMain(): Attach completed in 0ms.
2026-10-03 12:12:26.026+03:00[54:35.624] P23616T25076     powershell:BrHook BrHook.cpp<1782>:InitHooks(): Not initializing hooks because Bromium/Untrusted is disabled
2026-10-03 12:12:26.030+03:00[54:35.628] P23616T28984 trc powershell:BrHook observer_thread.cpp<64>:RealThreadMain(): Registry Watcher Thread: 28984
2026-10-03 12:12:27.861+03:00[54:37.466] P21692T16188 EVT powershell:BrShim Logs.cpp<330>:InitLogging(): Start process logging at level 0 for 'powershell.exe', 'BrShim.dll' build 4.4.33.1019 amd64
2026-10-03 12:12:27.869+03:00[54:37.466] P21692T16188     powershell:BrShim BrShim.cpp<218>:InstallAfterInitUnguarded(): BrShim 4.4.33.1019 loaded 41ms after process creation.
2026-10-03 12:12:27.869+03:00[54:37.467] P21692T16188     powershell:BrShim BrHookLoad.cpp<45>:LoadBrHook(): Loading: C:\Program Files\HP\Sure Click\servers\BrHook.dll
2026-10-03 12:12:27.888+03:00[54:37.486] P21692T16188 EVT powershell:BrHook Logs.cpp<330>:InitLogging(): Start process logging at level 0 for 'powershell.exe', 'BrHook.dll' build 4.4.33.1019 amd64
2026-10-03 12:12:27.888+03:00[54:37.486] P21692T16188 dbg powershell:BrHook settings.cpp<588>:GetActiveVersionWithPath(): - Found active version from CurrentVersion key 4.4.33.1019
2026-10-03 12:12:27.888+03:00[54:37.486] P21692T16188     powershell:BrHook BrHook.cpp<1884>:DllMain(): BrHook loaded 62ms after process creation.
2026-10-03 12:12:27.888+03:00[54:37.487] P21692T16188     powershell:BrHook BrHook.cpp<1897>:DllMain(): Attach completed in 0ms.
2026-10-03 12:12:27.888+03:00[54:37.487] P21692T16188     powershell:BrHook BrHook.cpp<1782>:InitHooks(): Not initializing hooks because Bromium/Untrusted is disabled
2026-10-03 12:12:27.891+03:00[54:37.492] P21692T19660 trc powershell:BrHook observer_thread.cpp<64>:RealThreadMain(): Registry Watcher Thread: 19660
2026-10-03 12:12:29.803+03:00[54:39.411] P17204T26388 EVT powershell:BrShim Logs.cpp<330>:InitLogging(): Start process logging at level 0 for 'powershell.exe', 'BrShim.dll' build 4.4.33.1019 amd64
2026-10-03 12:12:29.803+03:00[54:39.412] P17204T26388     powershell:BrShim BrShim.cpp<218>:InstallAfterInitUnguarded(): BrShim 4.4.33.1019 loaded 45ms after process creation.
2026-10-03 12:12:29.803+03:00[54:39.412] P17204T26388     powershell:BrShim BrHookLoad.cpp<45>:LoadBrHook(): Loading: C:\Program Files\HP\Sure Click\servers\BrHook.dll
2026-10-03 12:12:29.827+03:00[54:39.425] P17204T26388 EVT powershell:BrHook Logs.cpp<330>:InitLogging(): Start process logging at level 0 for 'powershell.exe', 'BrHook.dll' build 4.4.33.1019 amd64
2026-10-03 12:12:29.827+03:00[54:39.425] P17204T26388 dbg powershell:BrHook settings.cpp<588>:GetActiveVersionWithPath(): - Found active version from CurrentVersion key 4.4.33.1019
2026-10-03 12:12:29.827+03:00[54:39.425] P17204T26388     powershell:BrHook BrHook.cpp<1884>:DllMain(): BrHook loaded 64ms after process creation.
2026-10-03 12:12:29.827+03:00[54:39.425] P17204T26388     powershell:BrHook BrHook.cpp<1897>:DllMain(): Attach completed in 0ms.
2026-10-03 12:12:29.827+03:00[54:39.425] P17204T26388     powershell:BrHook BrHook.cpp<1782>:InitHooks(): Not initializing hooks because Bromium/Untrusted is disabled
2026-10-03 12:12:29.832+03:00[54:39.431] P17204T05412 trc powershell:BrHook observer_thread.cpp<64>:RealThreadMain(): Registry Watcher Thread: 5412
2026-10-03 12:12:31.800+03:00[54:41.398] P25044T24888 EVT powershell:BrShim Logs.cpp<330>:InitLogging(): Start process logging at level 0 for 'powershell.exe', 'BrShim.dll' build 4.4.33.1019 amd64
2026-10-03 12:12:31.800+03:00[54:41.398] P25044T24888     powershell:BrShim BrShim.cpp<218>:InstallAfterInitUnguarded(): BrShim 4.4.33.1019 loaded 34ms after process creation.
2026-10-03 12:12:31.800+03:00[54:41.399] P25044T24888     powershell:BrShim BrHookLoad.cpp<45>:LoadBrHook(): Loading: C:\Program Files\HP\Sure Click\servers\BrHook.dll
2026-10-03 12:12:31.808+03:00[54:41.409] P25044T24888 EVT powershell:BrHook Logs.cpp<330>:InitLogging(): Start process logging at level 0 for 'powershell.exe', 'BrHook.dll' build 4.4.33.1019 amd64
2026-10-03 12:12:31.808+03:00[54:41.409] P25044T24888 dbg powershell:BrHook settings.cpp<588>:GetActiveVersionWithPath(): - Found active version from CurrentVersion key 4.4.33.1019
2026-10-03 12:12:31.808+03:00[54:41.409] P25044T24888     powershell:BrHook BrHook.cpp<1884>:DllMain(): BrHook loaded 57ms after process creation.
2026-10-03 12:12:31.808+03:00[54:41.409] P25044T24888     powershell:BrHook BrHook.cpp<1897>:DllMain(): Attach completed in 0ms.
2026-10-03 12:12:31.808+03:00[54:41.410] P25044T24888     powershell:BrHook BrHook.cpp<1782>:InitHooks(): Not initializing hooks because Bromium/Untrusted is disabled
2026-10-03 12:12:31.816+03:00[54:41.414] P25044T12316 trc powershell:BrHook observer_thread.cpp<64>:RealThreadMain(): Registry Watcher Thread: 12316
2026-10-03 12:12:33.867+03:00[54:43.465] P10044T04424 EVT powershell:BrShim Logs.cpp<330>:InitLogging(): Start process logging at level 0 for 'powershell.exe', 'BrShim.dll' build 4.4.33.1019 amd64
2026-10-03 12:12:33.867+03:00[54:43.466] P10044T04424     powershell:BrShim BrShim.cpp<218>:InstallAfterInitUnguarded(): BrShim 4.4.33.1019 loaded 39ms after process creation.
2026-10-03 12:12:33.867+03:00[54:43.466] P10044T04424     powershell:BrShim BrHookLoad.cpp<45>:LoadBrHook(): Loading: C:\Program Files\HP\Sure Click\servers\BrHook.dll
2026-10-03 12:12:33.879+03:00[54:43.477] P10044T04424 EVT powershell:BrHook Logs.cpp<330>:InitLogging(): Start process logging at level 0 for 'powershell.exe', 'BrHook.dll' build 4.4.33.1019 amd64
2026-10-03 12:12:33.879+03:00[54:43.477] P10044T04424 dbg powershell:BrHook settings.cpp<588>:GetActiveVersionWithPath(): - Found active version from CurrentVersion key 4.4.33.1019
2026-10-03 12:12:33.879+03:00[54:43.477] P10044T04424     powershell:BrHook BrHook.cpp<1884>:DllMain(): BrHook loaded 59ms after process creation.
2026-10-03 12:12:33.879+03:00[54:43.477] P10044T04424     powershell:BrHook BrHook.cpp<1897>:DllMain(): Attach completed in 16ms.
2026-10-03 12:12:33.879+03:00[54:43.477] P10044T04424     powershell:BrHook BrHook.cpp<1782>:InitHooks(): Not initializing hooks because Bromium/Untrusted is disabled
2026-10-03 12:12:33.883+03:00[54:43.483] P10044T22288 trc powershell:BrHook observer_thread.cpp<64>:RealThreadMain(): Registry Watcher Thread: 22288
2026-10-03 12:12:35.784+03:00[54:45.385] P17952T28676 EVT powershell:BrShim Logs.cpp<330>:InitLogging(): Start process logging at level 0 for 'powershell.exe', 'BrShim.dll' build 4.4.33.1019 amd64
2026-10-03 12:12:35.784+03:00[54:45.386] P17952T28676     powershell:BrShim BrShim.cpp<218>:InstallAfterInitUnguarded(): BrShim 4.4.33.1019 loaded 46ms after process creation.
2026-10-03 12:12:35.784+03:00[54:45.386] P17952T28676     powershell:BrShim BrHookLoad.cpp<45>:LoadBrHook(): Loading: C:\Program Files\HP\Sure Click\servers\BrHook.dll
2026-10-03 12:12:35.797+03:00[54:45.396] P17952T28676 EVT powershell:BrHook Logs.cpp<330>:InitLogging(): Start process logging at level 0 for 'powershell.exe', 'BrHook.dll' build 4.4.33.1019 amd64
2026-10-03 12:12:35.797+03:00[54:45.396] P17952T28676 dbg powershell:BrHook settings.cpp<588>:GetActiveVersionWithPath(): - Found active version from CurrentVersion key 4.4.33.1019
2026-10-03 12:12:35.797+03:00[54:45.396] P17952T28676     powershell:BrHook BrHook.cpp<1884>:DllMain(): BrHook loaded 56ms after process creation.
2026-10-03 12:12:35.797+03:00[54:45.397] P17952T28676     powershell:BrHook BrHook.cpp<1897>:DllMain(): Attach completed in 16ms.
2026-10-03 12:12:35.797+03:00[54:45.397] P17952T28676     powershell:BrHook BrHook.cpp<1782>:InitHooks(): Not initializing hooks because Bromium/Untrusted is disabled
2026-10-03 12:12:35.805+03:00[54:45.403] P17952T19876 trc powershell:BrHook observer_thread.cpp<64>:RealThreadMain(): Registry Watcher Thread: 19876
2026-10-03 12:12:37.724+03:00[54:47.336] P29588T26708 EVT powershell:BrShim Logs.cpp<330>:InitLogging(): Start process logging at level 0 for 'powershell.exe', 'BrShim.dll' build 4.4.33.1019 amd64
2026-10-03 12:12:37.724+03:00[54:47.336] P29588T26708     powershell:BrShim BrShim.cpp<218>:InstallAfterInitUnguarded(): BrShim 4.4.33.1019 loaded 31ms after process creation.
2026-10-03 12:12:37.724+03:00[54:47.337] P29588T26708     powershell:BrShim BrHookLoad.cpp<45>:LoadBrHook(): Loading: C:\Program Files\HP\Sure Click\servers\BrHook.dll
2026-10-03 12:12:37.748+03:00[54:47.347] P29588T26708 EVT powershell:BrHook Logs.cpp<330>:InitLogging(): Start process logging at level 0 for 'powershell.exe', 'BrHook.dll' build 4.4.33.1019 amd64
2026-10-03 12:12:37.748+03:00[54:47.348] P29588T26708 dbg powershell:BrHook settings.cpp<588>:GetActiveVersionWithPath(): - Found active version from CurrentVersion key 4.4.33.1019
2026-10-03 12:12:37.748+03:00[54:47.348] P29588T26708     powershell:BrHook BrHook.cpp<1884>:DllMain(): BrHook loaded 53ms after process creation.
2026-10-03 12:12:37.748+03:00[54:47.348] P29588T26708     powershell:BrHook BrHook.cpp<1897>:DllMain(): Attach completed in 0ms.
2026-10-03 12:12:37.748+03:00[54:47.348] P29588T26708     powershell:BrHook BrHook.cpp<1782>:InitHooks(): Not initializing hooks because Bromium/Untrusted is disabled
2026-10-03 12:12:37.755+03:00[54:47.352] P29588T02228 trc powershell:BrHook observer_thread.cpp<64>:RealThreadMain(): Registry Watcher Thread: 2228
2026-10-03 12:12:39.701+03:00[54:49.300] P04472T24944 EVT powershell:BrShim Logs.cpp<330>:InitLogging(): Start process logging at level 0 for 'powershell.exe', 'BrShim.dll' build 4.4.33.1019 amd64
2026-10-03 12:12:39.701+03:00[54:49.300] P04472T24944     powershell:BrShim BrShim.cpp<218>:InstallAfterInitUnguarded(): BrShim 4.4.33.1019 loaded 41ms after process creation.
2026-10-03 12:12:39.701+03:00[54:49.300] P04472T24944     powershell:BrShim BrHookLoad.cpp<45>:LoadBrHook(): Loading: C:\Program Files\HP\Sure Click\servers\BrHook.dll
2026-10-03 12:12:39.714+03:00[54:49.312] P04472T24944 EVT powershell:BrHook Logs.cpp<330>:InitLogging(): Start process logging at level 0 for 'powershell.exe', 'BrHook.dll' build 4.4.33.1019 amd64
2026-10-03 12:12:39.714+03:00[54:49.312] P04472T24944 dbg powershell:BrHook settings.cpp<588>:GetActiveVersionWithPath(): - Found active version from CurrentVersion key 4.4.33.1019
2026-10-03 12:12:39.714+03:00[54:49.312] P04472T24944     powershell:BrHook BrHook.cpp<1884>:DllMain(): BrHook loaded 58ms after process creation.
2026-10-03 12:12:39.715+03:00[54:49.312] P04472T24944     powershell:BrHook BrHook.cpp<1897>:DllMain(): Attach completed in 0ms.
2026-10-03 12:12:39.715+03:00[54:49.313] P04472T24944     powershell:BrHook BrHook.cpp<1782>:InitHooks(): Not initializing hooks because Bromium/Untrusted is disabled
2026-10-03 12:12:39.717+03:00[54:49.317] P04472T25280 trc powershell:BrHook observer_thread.cpp<64>:RealThreadMain(): Registry Watcher Thread: 25280
2026-10-03 12:21:53.903+03:00[04:03.503] P24368T22332 EVT powershell:BrShim Logs.cpp<330>:InitLogging(): Start process logging at level 0 for 'powershell.exe', 'BrShim.dll' build 4.4.33.1019 amd64
2026-10-03 12:21:53.903+03:00[04:03.503] P24368T22332     powershell:BrShim BrShim.cpp<218>:InstallAfterInitUnguarded(): BrShim 4.4.33.1019 loaded 37ms after process creation.
2026-10-03 12:21:53.903+03:00[04:03.504] P24368T22332     powershell:BrShim BrHookLoad.cpp<45>:LoadBrHook(): Loading: C:\Program Files\HP\Sure Click\servers\BrHook.dll
2026-10-03 12:21:53.913+03:00[04:03.514] P24368T22332 EVT powershell:BrHook Logs.cpp<330>:InitLogging(): Start process logging at level 0 for 'powershell.exe', 'BrHook.dll' build 4.4.33.1019 amd64
2026-10-03 12:21:53.913+03:00[04:03.514] P24368T22332 dbg powershell:BrHook settings.cpp<588>:GetActiveVersionWithPath(): - Found active version from CurrentVersion key 4.4.33.1019
2026-10-03 12:21:53.913+03:00[04:03.515] P24368T22332     powershell:BrHook BrHook.cpp<1884>:DllMain(): BrHook loaded 52ms after process creation.
2026-10-03 12:21:53.913+03:00[04:03.515] P24368T22332     powershell:BrHook BrHook.cpp<1897>:DllMain(): Attach completed in 0ms.
2026-10-03 12:21:53.913+03:00[04:03.515] P24368T22332     powershell:BrHook BrHook.cpp<1782>:InitHooks(): Not initializing hooks because Bromium/Untrusted is disabled
2026-10-03 12:21:53.913+03:00[04:03.519] P24368T20968 trc powershell:BrHook observer_thread.cpp<64>:RealThreadMain(): Registry Watcher Thread: 20968
2026-10-03 16:16:22.124+03:00[58:33.650] P29020T28172 EVT powershell:BrShim Logs.cpp<330>:InitLogging(): Start process logging at level 0 for 'powershell.exe', 'BrShim.dll' build 4.4.33.1019 amd64
2026-10-03 16:16:22.124+03:00[58:33.651] P29020T28172     powershell:BrShim BrShim.cpp<218>:InstallAfterInitUnguarded(): BrShim 4.4.33.1019 loaded 45ms after process creation.
2026-10-03 16:16:22.124+03:00[58:33.651] P29020T28172     powershell:BrShim BrHookLoad.cpp<45>:LoadBrHook(): Loading: C:\Program Files\HP\Sure Click\servers\BrHook.dll
2026-10-03 16:16:22.140+03:00[58:33.659] P29020T28172 EVT powershell:BrHook Logs.cpp<330>:InitLogging(): Start process logging at level 0 for 'powershell.exe', 'BrHook.dll' build 4.4.33.1019 amd64
2026-10-03 16:16:22.140+03:00[58:33.659] P29020T28172 dbg powershell:BrHook settings.cpp<588>:GetActiveVersionWithPath(): - Found active version from CurrentVersion key 4.4.33.1019
2026-10-03 16:16:22.140+03:00[58:33.659] P29020T28172     powershell:BrHook BrHook.cpp<1884>:DllMain(): BrHook loaded 45ms after process creation.
2026-10-03 16:16:22.140+03:00[58:33.659] P29020T28172     powershell:BrHook BrHook.cpp<1897>:DllMain(): Attach completed in 16ms.
2026-10-03 16:16:22.140+03:00[58:33.659] P29020T28172     powershell:BrHook BrHook.cpp<1782>:InitHooks(): Not initializing hooks because Bromium/Untrusted is disabled
2026-10-03 16:16:22.140+03:00[58:33.663] P29020T12588 trc powershell:BrHook observer_thread.cpp<64>:RealThreadMain(): Registry Watcher Thread: 12588
2026-10-03 16:18:25.361+03:00[00:36.887] P13072T07576 EVT powershell:BrShim Logs.cpp<330>:InitLogging(): Start process logging at level 0 for 'powershell.exe', 'BrShim.dll' build 4.4.33.1019 amd64
2026-10-03 16:18:25.361+03:00[00:36.888] P13072T07576     powershell:BrShim BrShim.cpp<218>:InstallAfterInitUnguarded(): BrShim 4.4.33.1019 loaded 37ms after process creation.
2026-10-03 16:18:25.361+03:00[00:36.888] P13072T07576     powershell:BrShim BrHookLoad.cpp<45>:LoadBrHook(): Loading: C:\Program Files\HP\Sure Click\servers\BrHook.dll
2026-10-03 16:18:25.375+03:00[00:36.895] P13072T07576 EVT powershell:BrHook Logs.cpp<330>:InitLogging(): Start process logging at level 0 for 'powershell.exe', 'BrHook.dll' build 4.4.33.1019 amd64
2026-10-03 16:18:25.375+03:00[00:36.896] P13072T07576 dbg powershell:BrHook settings.cpp<588>:GetActiveVersionWithPath(): - Found active version from CurrentVersion key 4.4.33.1019
2026-10-03 16:18:25.375+03:00[00:36.896] P13072T07576     powershell:BrHook BrHook.cpp<1884>:DllMain(): BrHook loaded 51ms after process creation.
2026-10-03 16:18:25.375+03:00[00:36.896] P13072T07576     powershell:BrHook BrHook.cpp<1897>:DllMain(): Attach completed in 0ms.
2026-10-03 16:18:25.375+03:00[00:36.896] P13072T07576     powershell:BrHook BrHook.cpp<1782>:InitHooks(): Not initializing hooks because Bromium/Untrusted is disabled
2026-10-03 16:18:25.375+03:00[00:36.899] P13072T19808 trc powershell:BrHook observer_thread.cpp<64>:RealThreadMain(): Registry Watcher Thread: 19808
2026-10-03 16:40:32.934+03:00[22:44.467] P01176T28024 EVT powershell:BrShim Logs.cpp<330>:InitLogging(): Start process logging at level 0 for 'powershell.exe', 'BrShim.dll' build 4.4.33.1019 amd64
2026-10-03 16:40:32.934+03:00[22:44.467] P01176T28024     powershell:BrShim BrShim.cpp<218>:InstallAfterInitUnguarded(): BrShim 4.4.33.1019 loaded 26ms after process creation.
2026-10-03 16:40:32.934+03:00[22:44.467] P01176T28024     powershell:BrShim BrHookLoad.cpp<45>:LoadBrHook(): Loading: C:\Program Files\HP\Sure Click\servers\BrHook.dll
2026-10-03 16:40:32.950+03:00[22:44.475] P01176T28024 EVT powershell:BrHook Logs.cpp<330>:InitLogging(): Start process logging at level 0 for 'powershell.exe', 'BrHook.dll' build 4.4.33.1019 amd64
2026-10-03 16:40:32.950+03:00[22:44.475] P01176T28024 dbg powershell:BrHook settings.cpp<588>:GetActiveVersionWithPath(): - Found active version from CurrentVersion key 4.4.33.1019
2026-10-03 16:40:32.950+03:00[22:44.475] P01176T28024     powershell:BrHook BrHook.cpp<1884>:DllMain(): BrHook loaded 42ms after process creation.
2026-10-03 16:40:32.950+03:00[22:44.475] P01176T28024     powershell:BrHook BrHook.cpp<1897>:DllMain(): Attach completed in 0ms.
2026-10-03 16:40:32.950+03:00[22:44.475] P01176T28024     powershell:BrHook BrHook.cpp<1782>:InitHooks(): Not initializing hooks because Bromium/Untrusted is disabled
2026-10-03 16:40:32.950+03:00[22:44.479] P01176T27928 trc powershell:BrHook observer_thread.cpp<64>:RealThreadMain(): Registry Watcher Thread: 27928
2026-10-03 17:13:29.519+03:00[55:41.044] P26744T20572 EVT powershell:BrShim Logs.cpp<330>:InitLogging(): Start process logging at level 0 for 'powershell.exe', 'BrShim.dll' build 4.4.33.1019 amd64
2026-10-03 17:13:29.519+03:00[55:41.044] P26744T20572     powershell:BrShim BrShim.cpp<218>:InstallAfterInitUnguarded(): BrShim 4.4.33.1019 loaded 47ms after process creation.
2026-10-03 17:13:29.519+03:00[55:41.044] P26744T20572     powershell:BrShim BrHookLoad.cpp<45>:LoadBrHook(): Loading: C:\Program Files\HP\Sure Click\servers\BrHook.dll
2026-10-03 17:13:29.532+03:00[55:41.052] P26744T20572 EVT powershell:BrHook Logs.cpp<330>:InitLogging(): Start process logging at level 0 for 'powershell.exe', 'BrHook.dll' build 4.4.33.1019 amd64
2026-10-03 17:13:29.532+03:00[55:41.052] P26744T20572 dbg powershell:BrHook settings.cpp<588>:GetActiveVersionWithPath(): - Found active version from CurrentVersion key 4.4.33.1019
2026-10-03 17:13:29.532+03:00[55:41.052] P26744T20572     powershell:BrHook BrHook.cpp<1884>:DllMain(): BrHook loaded 59ms after process creation.
2026-10-03 17:13:29.532+03:00[55:41.052] P26744T20572     powershell:BrHook BrHook.cpp<1897>:DllMain(): Attach completed in 0ms.
2026-10-03 17:13:29.532+03:00[55:41.052] P26744T20572     powershell:BrHook BrHook.cpp<1782>:InitHooks(): Not initializing hooks because Bromium/Untrusted is disabled
2026-10-03 17:13:29.532+03:00[55:41.056] P26744T17852 trc powershell:BrHook observer_thread.cpp<64>:RealThreadMain(): Registry Watcher Thread: 17852
2026-10-03 17:13:30.546+03:00[55:42.079] P29608T20968 EVT powershell:BrShim Logs.cpp<330>:InitLogging(): Start process logging at level 0 for 'powershell.exe', 'BrShim.dll' build 4.4.33.1019 amd64
2026-10-03 17:13:30.546+03:00[55:42.079] P29608T20968     powershell:BrShim BrShim.cpp<218>:InstallAfterInitUnguarded(): BrShim 4.4.33.1019 loaded 28ms after process creation.
2026-10-03 17:13:30.546+03:00[55:42.079] P29608T20968     powershell:BrShim BrHookLoad.cpp<45>:LoadBrHook(): Loading: C:\Program Files\HP\Sure Click\servers\BrHook.dll
2026-10-03 17:13:30.562+03:00[55:42.087] P29608T20968 EVT powershell:BrHook Logs.cpp<330>:InitLogging(): Start process logging at level 0 for 'powershell.exe', 'BrHook.dll' build 4.4.33.1019 amd64
2026-10-03 17:13:30.562+03:00[55:42.087] P29608T20968 dbg powershell:BrHook settings.cpp<588>:GetActiveVersionWithPath(): - Found active version from CurrentVersion key 4.4.33.1019
2026-10-03 17:13:30.562+03:00[55:42.087] P29608T20968     powershell:BrHook BrHook.cpp<1884>:DllMain(): BrHook loaded 44ms after process creation.
2026-10-03 17:13:30.562+03:00[55:42.087] P29608T20968     powershell:BrHook BrHook.cpp<1897>:DllMain(): Attach completed in 0ms.
2026-10-03 17:13:30.562+03:00[55:42.087] P29608T20968     powershell:BrHook BrHook.cpp<1782>:InitHooks(): Not initializing hooks because Bromium/Untrusted is disabled
2026-10-03 17:13:30.562+03:00[55:42.091] P29608T19932 trc powershell:BrHook observer_thread.cpp<64>:RealThreadMain(): Registry Watcher Thread: 19932
2026-10-03 17:28:03.652+03:00[10:15.174] P28348T16704 EVT powershell:BrShim Logs.cpp<330>:InitLogging(): Start process logging at level 0 for 'powershell.exe', 'BrShim.dll' build 4.4.33.1019 amd64
2026-10-03 17:28:03.652+03:00[10:15.175] P28348T16704     powershell:BrShim BrShim.cpp<218>:InstallAfterInitUnguarded(): BrShim 4.4.33.1019 loaded 46ms after process creation.
2026-10-03 17:28:03.652+03:00[10:15.175] P28348T16704     powershell:BrShim BrHookLoad.cpp<45>:LoadBrHook(): Loading: C:\Program Files\HP\Sure Click\servers\BrHook.dll
2026-10-03 17:28:03.652+03:00[10:15.182] P28348T16704 EVT powershell:BrHook Logs.cpp<330>:InitLogging(): Start process logging at level 0 for 'powershell.exe', 'BrHook.dll' build 4.4.33.1019 amd64
2026-10-03 17:28:03.652+03:00[10:15.183] P28348T16704 dbg powershell:BrHook settings.cpp<588>:GetActiveVersionWithPath(): - Found active version from CurrentVersion key 4.4.33.1019
2026-10-03 17:28:03.652+03:00[10:15.183] P28348T16704     powershell:BrHook BrHook.cpp<1884>:DllMain(): BrHook loaded 46ms after process creation.
2026-10-03 17:28:03.652+03:00[10:15.183] P28348T16704     powershell:BrHook BrHook.cpp<1897>:DllMain(): Attach completed in 0ms.
2026-10-03 17:28:03.652+03:00[10:15.183] P28348T16704     powershell:BrHook BrHook.cpp<1782>:InitHooks(): Not initializing hooks because Bromium/Untrusted is disabled
2026-10-03 17:28:03.668+03:00[10:15.187] P28348T23408 trc powershell:BrHook observer_thread.cpp<64>:RealThreadMain(): Registry Watcher Thread: 23408
2026-10-03 17:38:56.518+03:00[21:08.037] P03660T20368 EVT powershell:BrShim Logs.cpp<330>:InitLogging(): Start process logging at level 0 for 'powershell.exe', 'BrShim.dll' build 4.4.33.1019 amd64
2026-10-03 17:38:56.518+03:00[21:08.037] P03660T20368     powershell:BrShim BrShim.cpp<218>:InstallAfterInitUnguarded(): BrShim 4.4.33.1019 loaded 44ms after process creation.
2026-10-03 17:38:56.518+03:00[21:08.037] P03660T20368     powershell:BrShim BrHookLoad.cpp<45>:LoadBrHook(): Loading: C:\Program Files\HP\Sure Click\servers\BrHook.dll
2026-10-03 17:38:56.522+03:00[21:08.045] P03660T20368 EVT powershell:BrHook Logs.cpp<330>:InitLogging(): Start process logging at level 0 for 'powershell.exe', 'BrHook.dll' build 4.4.33.1019 amd64
2026-10-03 17:38:56.522+03:00[21:08.045] P03660T20368 dbg powershell:BrHook settings.cpp<588>:GetActiveVersionWithPath(): - Found active version from CurrentVersion key 4.4.33.1019
2026-10-03 17:38:56.522+03:00[21:08.045] P03660T20368     powershell:BrHook BrHook.cpp<1884>:DllMain(): BrHook loaded 52ms after process creation.
2026-10-03 17:38:56.522+03:00[21:08.045] P03660T20368     powershell:BrHook BrHook.cpp<1897>:DllMain(): Attach completed in 0ms.
2026-10-03 17:38:56.522+03:00[21:08.046] P03660T20368     powershell:BrHook BrHook.cpp<1782>:InitHooks(): Not initializing hooks because Bromium/Untrusted is disabled
2026-10-03 17:38:56.530+03:00[21:08.049] P03660T04052 trc powershell:BrHook observer_thread.cpp<64>:RealThreadMain(): Registry Watcher Thread: 4052
2026-10-03 17:49:23.268+03:00[31:34.795] P28504T27864 EVT powershell:BrShim Logs.cpp<330>:InitLogging(): Start process logging at level 0 for 'powershell.exe', 'BrShim.dll' build 4.4.33.1019 amd64
2026-10-03 17:49:23.268+03:00[31:34.795] P28504T27864     powershell:BrShim BrShim.cpp<218>:InstallAfterInitUnguarded(): BrShim 4.4.33.1019 loaded 33ms after process creation.
2026-10-03 17:49:23.268+03:00[31:34.795] P28504T27864     powershell:BrShim BrHookLoad.cpp<45>:LoadBrHook(): Loading: C:\Program Files\HP\Sure Click\servers\BrHook.dll
2026-10-03 17:49:23.286+03:00[31:34.805] P28504T27864 EVT powershell:BrHook Logs.cpp<330>:InitLogging(): Start process logging at level 0 for 'powershell.exe', 'BrHook.dll' build 4.4.33.1019 amd64
2026-10-03 17:49:23.286+03:00[31:34.805] P28504T27864 dbg powershell:BrHook settings.cpp<588>:GetActiveVersionWithPath(): - Found active version from CurrentVersion key 4.4.33.1019
2026-10-03 17:49:23.286+03:00[31:34.805] P28504T27864     powershell:BrHook BrHook.cpp<1884>:DllMain(): BrHook loaded 48ms after process creation.
2026-10-03 17:49:23.286+03:00[31:34.805] P28504T27864     powershell:BrHook BrHook.cpp<1897>:DllMain(): Attach completed in 0ms.
2026-10-03 17:49:23.286+03:00[31:34.806] P28504T27864     powershell:BrHook BrHook.cpp<1782>:InitHooks(): Not initializing hooks because Bromium/Untrusted is disabled
2026-10-03 17:49:23.291+03:00[31:34.809] P28504T07308 trc powershell:BrHook observer_thread.cpp<64>:RealThreadMain(): Registry Watcher Thread: 7308
2026-10-03 18:05:11.572+03:00[47:23.095] P29436T16116 EVT powershell:BrShim Logs.cpp<330>:InitLogging(): Start process logging at level 0 for 'powershell.exe', 'BrShim.dll' build 4.4.33.1019 amd64
2026-10-03 18:05:11.572+03:00[47:23.095] P29436T16116     powershell:BrShim BrShim.cpp<218>:InstallAfterInitUnguarded(): BrShim 4.4.33.1019 loaded 51ms after process creation.
2026-10-03 18:05:11.572+03:00[47:23.095] P29436T16116     powershell:BrShim BrHookLoad.cpp<45>:LoadBrHook(): Loading: C:\Program Files\HP\Sure Click\servers\BrHook.dll
2026-10-03 18:05:11.584+03:00[47:23.103] P29436T16116 EVT powershell:BrHook Logs.cpp<330>:InitLogging(): Start process logging at level 0 for 'powershell.exe', 'BrHook.dll' build 4.4.33.1019 amd64
2026-10-03 18:05:11.584+03:00[47:23.103] P29436T16116 dbg powershell:BrHook settings.cpp<588>:GetActiveVersionWithPath(): - Found active version from CurrentVersion key 4.4.33.1019
2026-10-03 18:05:11.584+03:00[47:23.103] P29436T16116     powershell:BrHook BrHook.cpp<1884>:DllMain(): BrHook loaded 61ms after process creation.
2026-10-03 18:05:11.584+03:00[47:23.103] P29436T16116     powershell:BrHook BrHook.cpp<1897>:DllMain(): Attach completed in 0ms.
2026-10-03 18:05:11.584+03:00[47:23.104] P29436T16116     powershell:BrHook BrHook.cpp<1782>:InitHooks(): Not initializing hooks because Bromium/Untrusted is disabled
2026-10-03 18:05:11.584+03:00[47:23.107] P29436T22068 trc powershell:BrHook observer_thread.cpp<64>:RealThreadMain(): Registry Watcher Thread: 22068
2026-10-03 19:06:04.197+03:00[48:15.717] P30060T24528 EVT powershell:BrShim Logs.cpp<330>:InitLogging(): Start process logging at level 0 for 'powershell.exe', 'BrShim.dll' build 4.4.33.1019 amd64
2026-10-03 19:06:04.199+03:00[48:15.717] P30060T24528     powershell:BrShim BrShim.cpp<218>:InstallAfterInitUnguarded(): BrShim 4.4.33.1019 loaded 41ms after process creation.
2026-10-03 19:06:04.199+03:00[48:15.717] P30060T24528     powershell:BrShim BrHookLoad.cpp<45>:LoadBrHook(): Loading: C:\Program Files\HP\Sure Click\servers\BrHook.dll
2026-10-03 19:06:04.202+03:00[48:15.725] P30060T24528 EVT powershell:BrHook Logs.cpp<330>:InitLogging(): Start process logging at level 0 for 'powershell.exe', 'BrHook.dll' build 4.4.33.1019 amd64
2026-10-03 19:06:04.202+03:00[48:15.725] P30060T24528 dbg powershell:BrHook settings.cpp<588>:GetActiveVersionWithPath(): - Found active version from CurrentVersion key 4.4.33.1019
2026-10-03 19:06:04.202+03:00[48:15.725] P30060T24528     powershell:BrHook BrHook.cpp<1884>:DllMain(): BrHook loaded 48ms after process creation.
2026-10-03 19:06:04.202+03:00[48:15.725] P30060T24528     powershell:BrHook BrHook.cpp<1897>:DllMain(): Attach completed in 0ms.
2026-10-03 19:06:04.202+03:00[48:15.725] P30060T24528     powershell:BrHook BrHook.cpp<1782>:InitHooks(): Not initializing hooks because Bromium/Untrusted is disabled
2026-10-03 19:06:04.210+03:00[48:15.729] P30060T17308 trc powershell:BrHook observer_thread.cpp<64>:RealThreadMain(): Registry Watcher Thread: 17308
2026-10-03 19:08:50.844+03:00[51:02.363] P27980T24588 EVT powershell:BrShim Logs.cpp<330>:InitLogging(): Start process logging at level 0 for 'powershell.exe', 'BrShim.dll' build 4.4.33.1019 amd64
2026-10-03 19:08:50.844+03:00[51:02.363] P27980T24588     powershell:BrShim BrShim.cpp<218>:InstallAfterInitUnguarded(): BrShim 4.4.33.1019 loaded 36ms after process creation.
2026-10-03 19:08:50.844+03:00[51:02.363] P27980T24588     powershell:BrShim BrHookLoad.cpp<45>:LoadBrHook(): Loading: C:\Program Files\HP\Sure Click\servers\BrHook.dll
2026-10-03 19:08:50.844+03:00[51:02.371] P27980T24588 EVT powershell:BrHook Logs.cpp<330>:InitLogging(): Start process logging at level 0 for 'powershell.exe', 'BrHook.dll' build 4.4.33.1019 amd64
2026-10-03 19:08:50.844+03:00[51:02.371] P27980T24588 dbg powershell:BrHook settings.cpp<588>:GetActiveVersionWithPath(): - Found active version from CurrentVersion key 4.4.33.1019
2026-10-03 19:08:50.844+03:00[51:02.371] P27980T24588     powershell:BrHook BrHook.cpp<1884>:DllMain(): BrHook loaded 40ms after process creation.
2026-10-03 19:08:50.844+03:00[51:02.371] P27980T24588     powershell:BrHook BrHook.cpp<1897>:DllMain(): Attach completed in 0ms.
2026-10-03 19:08:50.844+03:00[51:02.372] P27980T24588     powershell:BrHook BrHook.cpp<1782>:InitHooks(): Not initializing hooks because Bromium/Untrusted is disabled
2026-10-03 19:08:50.856+03:00[51:02.375] P27980T23696 trc powershell:BrHook observer_thread.cpp<64>:RealThreadMain(): Registry Watcher Thread: 23696
2026-10-03 19:24:35.448+03:00[06:46.967] P08004T21836 EVT powershell:BrShim Logs.cpp<330>:InitLogging(): Start process logging at level 0 for 'powershell.exe', 'BrShim.dll' build 4.4.33.1019 amd64
2026-10-03 19:24:35.448+03:00[06:46.967] P08004T21836     powershell:BrShim BrShim.cpp<218>:InstallAfterInitUnguarded(): BrShim 4.4.33.1019 loaded 39ms after process creation.
2026-10-03 19:24:35.448+03:00[06:46.968] P08004T21836     powershell:BrShim BrHookLoad.cpp<45>:LoadBrHook(): Loading: C:\Program Files\HP\Sure Click\servers\BrHook.dll
2026-10-03 19:24:35.454+03:00[06:46.975] P08004T21836 EVT powershell:BrHook Logs.cpp<330>:InitLogging(): Start process logging at level 0 for 'powershell.exe', 'BrHook.dll' build 4.4.33.1019 amd64
2026-10-03 19:24:35.454+03:00[06:46.976] P08004T21836 dbg powershell:BrHook settings.cpp<588>:GetActiveVersionWithPath(): - Found active version from CurrentVersion key 4.4.33.1019
2026-10-03 19:24:35.454+03:00[06:46.976] P08004T21836     powershell:BrHook BrHook.cpp<1884>:DllMain(): BrHook loaded 49ms after process creation.
2026-10-03 19:24:35.454+03:00[06:46.976] P08004T21836     powershell:BrHook BrHook.cpp<1897>:DllMain(): Attach completed in 0ms.
2026-10-03 19:24:35.454+03:00[06:46.976] P08004T21836     powershell:BrHook BrHook.cpp<1782>:InitHooks(): Not initializing hooks because Bromium/Untrusted is disabled
2026-10-03 19:24:35.454+03:00[06:46.979] P08004T21100 trc powershell:BrHook observer_thread.cpp<64>:RealThreadMain(): Registry Watcher Thread: 21100
2026-10-03 19:42:50.581+03:00[25:02.100] P05444T10012 EVT powershell:BrShim Logs.cpp<330>:InitLogging(): Start process logging at level 0 for 'powershell.exe', 'BrShim.dll' build 4.4.33.1019 amd64
2026-10-03 19:42:50.581+03:00[25:02.100] P05444T10012     powershell:BrShim BrShim.cpp<218>:InstallAfterInitUnguarded(): BrShim 4.4.33.1019 loaded 39ms after process creation.
2026-10-03 19:42:50.581+03:00[25:02.100] P05444T10012     powershell:BrShim BrHookLoad.cpp<45>:LoadBrHook(): Loading: C:\Program Files\HP\Sure Click\servers\BrHook.dll
2026-10-03 19:42:50.589+03:00[25:02.108] P05444T10012 EVT powershell:BrHook Logs.cpp<330>:InitLogging(): Start process logging at level 0 for 'powershell.exe', 'BrHook.dll' build 4.4.33.1019 amd64
2026-10-03 19:42:50.589+03:00[25:02.108] P05444T10012 dbg powershell:BrHook settings.cpp<588>:GetActiveVersionWithPath(): - Found active version from CurrentVersion key 4.4.33.1019
2026-10-03 19:42:50.589+03:00[25:02.108] P05444T10012     powershell:BrHook BrHook.cpp<1884>:DllMain(): BrHook loaded 48ms after process creation.
2026-10-03 19:42:50.590+03:00[25:02.108] P05444T10012     powershell:BrHook BrHook.cpp<1897>:DllMain(): Attach completed in 0ms.
2026-10-03 19:42:50.590+03:00[25:02.108] P05444T10012     powershell:BrHook BrHook.cpp<1782>:InitHooks(): Not initializing hooks because Bromium/Untrusted is disabled
2026-10-03 19:42:50.594+03:00[25:02.113] P05444T08876 trc powershell:BrHook observer_thread.cpp<64>:RealThreadMain(): Registry Watcher Thread: 8876
2026-10-03 19:43:01.452+03:00[25:12.976] P22804T26168 EVT powershell:BrShim Logs.cpp<330>:InitLogging(): Start process logging at level 0 for 'powershell.exe', 'BrShim.dll' build 4.4.33.1019 amd64
2026-10-03 19:43:01.452+03:00[25:12.976] P22804T26168     powershell:BrShim BrShim.cpp<218>:InstallAfterInitUnguarded(): BrShim 4.4.33.1019 loaded 41ms after process creation.
2026-10-03 19:43:01.452+03:00[25:12.977] P22804T26168     powershell:BrShim BrHookLoad.cpp<45>:LoadBrHook(): Loading: C:\Program Files\HP\Sure Click\servers\BrHook.dll
2026-10-03 19:43:01.452+03:00[25:12.984] P22804T26168 EVT powershell:BrHook Logs.cpp<330>:InitLogging(): Start process logging at level 0 for 'powershell.exe', 'BrHook.dll' build 4.4.33.1019 amd64
2026-10-03 19:43:01.452+03:00[25:12.984] P22804T26168 dbg powershell:BrHook settings.cpp<588>:GetActiveVersionWithPath(): - Found active version from CurrentVersion key 4.4.33.1019
2026-10-03 19:43:01.452+03:00[25:12.984] P22804T26168     powershell:BrHook BrHook.cpp<1884>:DllMain(): BrHook loaded 41ms after process creation.
2026-10-03 19:43:01.452+03:00[25:12.984] P22804T26168     powershell:BrHook BrHook.cpp<1897>:DllMain(): Attach completed in 0ms.
2026-10-03 19:43:01.452+03:00[25:12.984] P22804T26168     powershell:BrHook BrHook.cpp<1782>:InitHooks(): Not initializing hooks because Bromium/Untrusted is disabled
2026-10-03 19:43:01.468+03:00[25:12.988] P22804T00956 trc powershell:BrHook observer_thread.cpp<64>:RealThreadMain(): Registry Watcher Thread: 956
2026-10-03 19:45:57.578+03:00[28:09.097] P30580T22860 EVT powershell:BrShim Logs.cpp<330>:InitLogging(): Start process logging at level 0 for 'powershell.exe', 'BrShim.dll' build 4.4.33.1019 amd64
2026-10-03 19:45:57.578+03:00[28:09.097] P30580T22860     powershell:BrShim BrShim.cpp<218>:InstallAfterInitUnguarded(): BrShim 4.4.33.1019 loaded 48ms after process creation.
2026-10-03 19:45:57.578+03:00[28:09.098] P30580T22860     powershell:BrShim BrHookLoad.cpp<45>:LoadBrHook(): Loading: C:\Program Files\HP\Sure Click\servers\BrHook.dll
2026-10-03 19:45:57.586+03:00[28:09.105] P30580T22860 EVT powershell:BrHook Logs.cpp<330>:InitLogging(): Start process logging at level 0 for 'powershell.exe', 'BrHook.dll' build 4.4.33.1019 amd64
2026-10-03 19:45:57.586+03:00[28:09.105] P30580T22860 dbg powershell:BrHook settings.cpp<588>:GetActiveVersionWithPath(): - Found active version from CurrentVersion key 4.4.33.1019
2026-10-03 19:45:57.586+03:00[28:09.105] P30580T22860     powershell:BrHook BrHook.cpp<1884>:DllMain(): BrHook loaded 56ms after process creation.
2026-10-03 19:45:57.586+03:00[28:09.105] P30580T22860     powershell:BrHook BrHook.cpp<1897>:DllMain(): Attach completed in 0ms.
2026-10-03 19:45:57.586+03:00[28:09.105] P30580T22860     powershell:BrHook BrHook.cpp<1782>:InitHooks(): Not initializing hooks because Bromium/Untrusted is disabled
2026-10-03 19:45:57.590+03:00[28:09.109] P30580T30464 trc powershell:BrHook observer_thread.cpp<64>:RealThreadMain(): Registry Watcher Thread: 30464
2026-10-03 19:48:05.941+03:00[30:17.460] P21448T13268 EVT powershell:BrShim Logs.cpp<330>:InitLogging(): Start process logging at level 0 for 'powershell.exe', 'BrShim.dll' build 4.4.33.1019 amd64
2026-10-03 19:48:05.942+03:00[30:17.460] P21448T13268     powershell:BrShim BrShim.cpp<218>:InstallAfterInitUnguarded(): BrShim 4.4.33.1019 loaded 88ms after process creation.
2026-10-03 19:48:05.942+03:00[30:17.461] P21448T13268     powershell:BrShim BrHookLoad.cpp<45>:LoadBrHook(): Loading: C:\Program Files\HP\Sure Click\servers\BrHook.dll
2026-10-03 19:48:05.960+03:00[30:17.479] P21448T13268 EVT powershell:BrHook Logs.cpp<330>:InitLogging(): Start process logging at level 0 for 'powershell.exe', 'BrHook.dll' build 4.4.33.1019 amd64
2026-10-03 19:48:05.961+03:00[30:17.480] P21448T13268 dbg powershell:BrHook settings.cpp<588>:GetActiveVersionWithPath(): - Found active version from CurrentVersion key 4.4.33.1019
2026-10-03 19:48:05.961+03:00[30:17.480] P21448T13268     powershell:BrHook BrHook.cpp<1884>:DllMain(): BrHook loaded 109ms after process creation.
2026-10-03 19:48:05.961+03:00[30:17.480] P21448T13268     powershell:BrHook BrHook.cpp<1897>:DllMain(): Attach completed in 0ms.
2026-10-03 19:48:05.961+03:00[30:17.480] P21448T13268     powershell:BrHook BrHook.cpp<1782>:InitHooks(): Not initializing hooks because Bromium/Untrusted is disabled
2026-10-03 19:48:05.967+03:00[30:17.486] P21448T02252 trc powershell:BrHook observer_thread.cpp<64>:RealThreadMain(): Registry Watcher Thread: 2252
2026-10-03 19:50:17.211+03:00[32:28.737] P25348T24756 EVT powershell:BrShim Logs.cpp<330>:InitLogging(): Start process logging at level 0 for 'powershell.exe', 'BrShim.dll' build 4.4.33.1019 amd64
2026-10-03 19:50:17.211+03:00[32:28.737] P25348T24756     powershell:BrShim BrShim.cpp<218>:InstallAfterInitUnguarded(): BrShim 4.4.33.1019 loaded 49ms after process creation.
2026-10-03 19:50:17.211+03:00[32:28.737] P25348T24756     powershell:BrShim BrHookLoad.cpp<45>:LoadBrHook(): Loading: C:\Program Files\HP\Sure Click\servers\BrHook.dll
2026-10-03 19:50:17.226+03:00[32:28.745] P25348T24756 EVT powershell:BrHook Logs.cpp<330>:InitLogging(): Start process logging at level 0 for 'powershell.exe', 'BrHook.dll' build 4.4.33.1019 amd64
2026-10-03 19:50:17.226+03:00[32:28.745] P25348T24756 dbg powershell:BrHook settings.cpp<588>:GetActiveVersionWithPath(): - Found active version from CurrentVersion key 4.4.33.1019
2026-10-03 19:50:17.226+03:00[32:28.745] P25348T24756     powershell:BrHook BrHook.cpp<1884>:DllMain(): BrHook loaded 49ms after process creation.
2026-10-03 19:50:17.226+03:00[32:28.745] P25348T24756     powershell:BrHook BrHook.cpp<1897>:DllMain(): Attach completed in 16ms.
2026-10-03 19:50:17.226+03:00[32:28.746] P25348T24756     powershell:BrHook BrHook.cpp<1782>:InitHooks(): Not initializing hooks because Bromium/Untrusted is disabled
2026-10-03 19:50:17.229+03:00[32:28.749] P25348T00684 trc powershell:BrHook observer_thread.cpp<64>:RealThreadMain(): Registry Watcher Thread: 684
2026-10-03 19:53:37.533+03:00[35:49.051] P24976T11048 EVT powershell:BrShim Logs.cpp<330>:InitLogging(): Start process logging at level 0 for 'powershell.exe', 'BrShim.dll' build 4.4.33.1019 amd64
2026-10-03 19:53:37.533+03:00[35:49.051] P24976T11048     powershell:BrShim BrShim.cpp<218>:InstallAfterInitUnguarded(): BrShim 4.4.33.1019 loaded 42ms after process creation.
2026-10-03 19:53:37.533+03:00[35:49.052] P24976T11048     powershell:BrShim BrHookLoad.cpp<45>:LoadBrHook(): Loading: C:\Program Files\HP\Sure Click\servers\BrHook.dll
2026-10-03 19:53:37.533+03:00[35:49.060] P24976T11048 EVT powershell:BrHook Logs.cpp<330>:InitLogging(): Start process logging at level 0 for 'powershell.exe', 'BrHook.dll' build 4.4.33.1019 amd64
2026-10-03 19:53:37.533+03:00[35:49.061] P24976T11048 dbg powershell:BrHook settings.cpp<588>:GetActiveVersionWithPath(): - Found active version from CurrentVersion key 4.4.33.1019
2026-10-03 19:53:37.533+03:00[35:49.061] P24976T11048     powershell:BrHook BrHook.cpp<1884>:DllMain(): BrHook loaded 46ms after process creation.
2026-10-03 19:53:37.533+03:00[35:49.061] P24976T11048     powershell:BrHook BrHook.cpp<1897>:DllMain(): Attach completed in 0ms.
2026-10-03 19:53:37.533+03:00[35:49.061] P24976T11048     powershell:BrHook BrHook.cpp<1782>:InitHooks(): Not initializing hooks because Bromium/Untrusted is disabled
2026-10-03 19:53:37.533+03:00[35:49.064] P24976T06808 trc powershell:BrHook observer_thread.cpp<64>:RealThreadMain(): Registry Watcher Thread: 6808
2026-10-03 19:54:46.297+03:00[36:57.827] P22920T29860 EVT powershell:BrShim Logs.cpp<330>:InitLogging(): Start process logging at level 0 for 'powershell.exe', 'BrShim.dll' build 4.4.33.1019 amd64
2026-10-03 19:54:46.297+03:00[36:57.827] P22920T29860     powershell:BrShim BrShim.cpp<218>:InstallAfterInitUnguarded(): BrShim 4.4.33.1019 loaded 29ms after process creation.
2026-10-03 19:54:46.297+03:00[36:57.827] P22920T29860     powershell:BrShim BrHookLoad.cpp<45>:LoadBrHook(): Loading: C:\Program Files\HP\Sure Click\servers\BrHook.dll
2026-10-03 19:54:46.313+03:00[36:57.835] P22920T29860 EVT powershell:BrHook Logs.cpp<330>:InitLogging(): Start process logging at level 0 for 'powershell.exe', 'BrHook.dll' build 4.4.33.1019 amd64
2026-10-03 19:54:46.313+03:00[36:57.835] P22920T29860 dbg powershell:BrHook settings.cpp<588>:GetActiveVersionWithPath(): - Found active version from CurrentVersion key 4.4.33.1019
2026-10-03 19:54:46.313+03:00[36:57.835] P22920T29860     powershell:BrHook BrHook.cpp<1884>:DllMain(): BrHook loaded 46ms after process creation.
2026-10-03 19:54:46.313+03:00[36:57.835] P22920T29860     powershell:BrHook BrHook.cpp<1897>:DllMain(): Attach completed in 0ms.
2026-10-03 19:54:46.313+03:00[36:57.836] P22920T29860     powershell:BrHook BrHook.cpp<1782>:InitHooks(): Not initializing hooks because Bromium/Untrusted is disabled
2026-10-03 19:54:46.321+03:00[36:57.839] P22920T11472 trc powershell:BrHook observer_thread.cpp<64>:RealThreadMain(): Registry Watcher Thread: 11472
2026-10-03 19:54:57.262+03:00[37:08.782] P26476T30364 EVT powershell:BrShim Logs.cpp<330>:InitLogging(): Start process logging at level 0 for 'powershell.exe', 'BrShim.dll' build 4.4.33.1019 amd64
2026-10-03 19:54:57.262+03:00[37:08.782] P26476T30364     powershell:BrShim BrShim.cpp<218>:InstallAfterInitUnguarded(): BrShim 4.4.33.1019 loaded 38ms after process creation.
2026-10-03 19:54:57.262+03:00[37:08.782] P26476T30364     powershell:BrShim BrHookLoad.cpp<45>:LoadBrHook(): Loading: C:\Program Files\HP\Sure Click\servers\BrHook.dll
2026-10-03 19:54:57.271+03:00[37:08.790] P26476T30364 EVT powershell:BrHook Logs.cpp<330>:InitLogging(): Start process logging at level 0 for 'powershell.exe', 'BrHook.dll' build 4.4.33.1019 amd64
2026-10-03 19:54:57.271+03:00[37:08.790] P26476T30364 dbg powershell:BrHook settings.cpp<588>:GetActiveVersionWithPath(): - Found active version from CurrentVersion key 4.4.33.1019
2026-10-03 19:54:57.271+03:00[37:08.790] P26476T30364     powershell:BrHook BrHook.cpp<1884>:DllMain(): BrHook loaded 46ms after process creation.
2026-10-03 19:54:57.271+03:00[37:08.790] P26476T30364     powershell:BrHook BrHook.cpp<1897>:DllMain(): Attach completed in 0ms.
2026-10-03 19:54:57.271+03:00[37:08.790] P26476T30364     powershell:BrHook BrHook.cpp<1782>:InitHooks(): Not initializing hooks because Bromium/Untrusted is disabled
2026-10-03 19:54:57.275+03:00[37:08.793] P26476T24960 trc powershell:BrHook observer_thread.cpp<64>:RealThreadMain(): Registry Watcher Thread: 24960
2026-10-03 19:54:58.397+03:00[37:09.916] P15216T08236 EVT powershell:BrShim Logs.cpp<330>:InitLogging(): Start process logging at level 0 for 'powershell.exe', 'BrShim.dll' build 4.4.33.1019 amd64
2026-10-03 19:54:58.397+03:00[37:09.916] P15216T08236     powershell:BrShim BrShim.cpp<218>:InstallAfterInitUnguarded(): BrShim 4.4.33.1019 loaded 43ms after process creation.
2026-10-03 19:54:58.397+03:00[37:09.917] P15216T08236     powershell:BrShim BrHookLoad.cpp<45>:LoadBrHook(): Loading: C:\Program Files\HP\Sure Click\servers\BrHook.dll
2026-10-03 19:54:58.397+03:00[37:09.925] P15216T08236 EVT powershell:BrHook Logs.cpp<330>:InitLogging(): Start process logging at level 0 for 'powershell.exe', 'BrHook.dll' build 4.4.33.1019 amd64
2026-10-03 19:54:58.397+03:00[37:09.925] P15216T08236 dbg powershell:BrHook settings.cpp<588>:GetActiveVersionWithPath(): - Found active version from CurrentVersion key 4.4.33.1019
2026-10-03 19:54:58.397+03:00[37:09.925] P15216T08236     powershell:BrHook BrHook.cpp<1884>:DllMain(): BrHook loaded 47ms after process creation.
2026-10-03 19:54:58.397+03:00[37:09.925] P15216T08236     powershell:BrHook BrHook.cpp<1897>:DllMain(): Attach completed in 0ms.
2026-10-03 19:54:58.397+03:00[37:09.926] P15216T08236     powershell:BrHook BrHook.cpp<1782>:InitHooks(): Not initializing hooks because Bromium/Untrusted is disabled
2026-10-03 19:54:58.407+03:00[37:09.929] P15216T15732 trc powershell:BrHook observer_thread.cpp<64>:RealThreadMain(): Registry Watcher Thread: 15732
2026-10-03 19:56:09.243+03:00[38:20.761] P27276T05544 EVT powershell:BrShim Logs.cpp<330>:InitLogging(): Start process logging at level 0 for 'powershell.exe', 'BrShim.dll' build 4.4.33.1019 amd64
2026-10-03 19:56:09.243+03:00[38:20.762] P27276T05544     powershell:BrShim BrShim.cpp<218>:InstallAfterInitUnguarded(): BrShim 4.4.33.1019 loaded 40ms after process creation.
2026-10-03 19:56:09.243+03:00[38:20.762] P27276T05544     powershell:BrShim BrHookLoad.cpp<45>:LoadBrHook(): Loading: C:\Program Files\HP\Sure Click\servers\BrHook.dll
2026-10-03 19:56:09.247+03:00[38:20.769] P27276T05544 EVT powershell:BrHook Logs.cpp<330>:InitLogging(): Start process logging at level 0 for 'powershell.exe', 'BrHook.dll' build 4.4.33.1019 amd64
2026-10-03 19:56:09.247+03:00[38:20.770] P27276T05544 dbg powershell:BrHook settings.cpp<588>:GetActiveVersionWithPath(): - Found active version from CurrentVersion key 4.4.33.1019
2026-10-03 19:56:09.247+03:00[38:20.770] P27276T05544     powershell:BrHook BrHook.cpp<1884>:DllMain(): BrHook loaded 48ms after process creation.
2026-10-03 19:56:09.247+03:00[38:20.770] P27276T05544     powershell:BrHook BrHook.cpp<1897>:DllMain(): Attach completed in 0ms.
2026-10-03 19:56:09.247+03:00[38:20.770] P27276T05544     powershell:BrHook BrHook.cpp<1782>:InitHooks(): Not initializing hooks because Bromium/Untrusted is disabled
2026-10-03 19:56:09.253+03:00[38:20.773] P27276T24060 trc powershell:BrHook observer_thread.cpp<64>:RealThreadMain(): Registry Watcher Thread: 24060
2026-10-03 20:14:44.349+03:00[56:55.882] P18924T01488 EVT powershell:BrShim Logs.cpp<330>:InitLogging(): Start process logging at level 0 for 'powershell.exe', 'BrShim.dll' build 4.4.33.1019 amd64
2026-10-03 20:14:44.349+03:00[56:55.882] P18924T01488     powershell:BrShim BrShim.cpp<218>:InstallAfterInitUnguarded(): BrShim 4.4.33.1019 loaded 32ms after process creation.
2026-10-03 20:14:44.349+03:00[56:55.882] P18924T01488     powershell:BrShim BrHookLoad.cpp<45>:LoadBrHook(): Loading: C:\Program Files\HP\Sure Click\servers\BrHook.dll
2026-10-03 20:14:44.371+03:00[56:55.890] P18924T01488 EVT powershell:BrHook Logs.cpp<330>:InitLogging(): Start process logging at level 0 for 'powershell.exe', 'BrHook.dll' build 4.4.33.1019 amd64
2026-10-03 20:14:44.371+03:00[56:55.890] P18924T01488 dbg powershell:BrHook settings.cpp<588>:GetActiveVersionWithPath(): - Found active version from CurrentVersion key 4.4.33.1019
2026-10-03 20:14:44.371+03:00[56:55.890] P18924T01488     powershell:BrHook BrHook.cpp<1884>:DllMain(): BrHook loaded 52ms after process creation.
2026-10-03 20:14:44.371+03:00[56:55.890] P18924T01488     powershell:BrHook BrHook.cpp<1897>:DllMain(): Attach completed in 0ms.
2026-10-03 20:14:44.371+03:00[56:55.890] P18924T01488     powershell:BrHook BrHook.cpp<1782>:InitHooks(): Not initializing hooks because Bromium/Untrusted is disabled
2026-10-03 20:14:44.371+03:00[56:55.894] P18924T08764 trc powershell:BrHook observer_thread.cpp<64>:RealThreadMain(): Registry Watcher Thread: 8764
2026-10-03 20:14:56.016+03:00[57:07.535] P07428T21132 EVT powershell:BrShim Logs.cpp<330>:InitLogging(): Start process logging at level 0 for 'powershell.exe', 'BrShim.dll' build 4.4.33.1019 amd64
2026-10-03 20:14:56.016+03:00[57:07.535] P07428T21132     powershell:BrShim BrShim.cpp<218>:InstallAfterInitUnguarded(): BrShim 4.4.33.1019 loaded 45ms after process creation.
2026-10-03 20:14:56.016+03:00[57:07.535] P07428T21132     powershell:BrShim BrHookLoad.cpp<45>:LoadBrHook(): Loading: C:\Program Files\HP\Sure Click\servers\BrHook.dll
2026-10-03 20:14:56.022+03:00[57:07.544] P07428T21132 EVT powershell:BrHook Logs.cpp<330>:InitLogging(): Start process logging at level 0 for 'powershell.exe', 'BrHook.dll' build 4.4.33.1019 amd64
2026-10-03 20:14:56.022+03:00[57:07.544] P07428T21132 dbg powershell:BrHook settings.cpp<588>:GetActiveVersionWithPath(): - Found active version from CurrentVersion key 4.4.33.1019
2026-10-03 20:14:56.022+03:00[57:07.544] P07428T21132     powershell:BrHook BrHook.cpp<1884>:DllMain(): BrHook loaded 55ms after process creation.
2026-10-03 20:14:56.022+03:00[57:07.544] P07428T21132     powershell:BrHook BrHook.cpp<1897>:DllMain(): Attach completed in 0ms.
2026-10-03 20:14:56.022+03:00[57:07.544] P07428T21132     powershell:BrHook BrHook.cpp<1782>:InitHooks(): Not initializing hooks because Bromium/Untrusted is disabled
2026-10-03 20:14:56.029+03:00[57:07.548] P07428T20832 trc powershell:BrHook observer_thread.cpp<64>:RealThreadMain(): Registry Watcher Thread: 20832
2026-10-03 20:15:45.451+03:00[57:56.982] P10144T19724 EVT powershell:BrShim Logs.cpp<330>:InitLogging(): Start process logging at level 0 for 'powershell.exe', 'BrShim.dll' build 4.4.33.1019 amd64
2026-10-03 20:15:45.451+03:00[57:56.983] P10144T19724     powershell:BrShim BrShim.cpp<218>:InstallAfterInitUnguarded(): BrShim 4.4.33.1019 loaded 26ms after process creation.
2026-10-03 20:15:45.451+03:00[57:56.983] P10144T19724     powershell:BrShim BrHookLoad.cpp<45>:LoadBrHook(): Loading: C:\Program Files\HP\Sure Click\servers\BrHook.dll
2026-10-03 20:15:45.471+03:00[57:56.990] P10144T19724 EVT powershell:BrHook Logs.cpp<330>:InitLogging(): Start process logging at level 0 for 'powershell.exe', 'BrHook.dll' build 4.4.33.1019 amd64
2026-10-03 20:15:45.471+03:00[57:56.990] P10144T19724 dbg powershell:BrHook settings.cpp<588>:GetActiveVersionWithPath(): - Found active version from CurrentVersion key 4.4.33.1019
2026-10-03 20:15:45.471+03:00[57:56.990] P10144T19724     powershell:BrHook BrHook.cpp<1884>:DllMain(): BrHook loaded 45ms after process creation.
2026-10-03 20:15:45.471+03:00[57:56.990] P10144T19724     powershell:BrHook BrHook.cpp<1897>:DllMain(): Attach completed in 16ms.
2026-10-03 20:15:45.471+03:00[57:56.991] P10144T19724     powershell:BrHook BrHook.cpp<1782>:InitHooks(): Not initializing hooks because Bromium/Untrusted is disabled
2026-10-03 20:15:45.471+03:00[57:56.994] P10144T19532 trc powershell:BrHook observer_thread.cpp<64>:RealThreadMain(): Registry Watcher Thread: 19532
2026-10-03 20:32:14.893+03:00[14:26.412] P26656T24428 EVT powershell:BrShim Logs.cpp<330>:InitLogging(): Start process logging at level 0 for 'powershell.exe', 'BrShim.dll' build 4.4.33.1019 amd64
2026-10-03 20:32:14.893+03:00[14:26.413] P26656T24428     powershell:BrShim BrShim.cpp<218>:InstallAfterInitUnguarded(): BrShim 4.4.33.1019 loaded 58ms after process creation.
2026-10-03 20:32:14.893+03:00[14:26.413] P26656T24428     powershell:BrShim BrHookLoad.cpp<45>:LoadBrHook(): Loading: C:\Program Files\HP\Sure Click\servers\BrHook.dll
2026-10-03 20:32:14.899+03:00[14:26.422] P26656T24428 EVT powershell:BrHook Logs.cpp<330>:InitLogging(): Start process logging at level 0 for 'powershell.exe', 'BrHook.dll' build 4.4.33.1019 amd64
2026-10-03 20:32:14.899+03:00[14:26.422] P26656T24428 dbg powershell:BrHook settings.cpp<588>:GetActiveVersionWithPath(): - Found active version from CurrentVersion key 4.4.33.1019
2026-10-03 20:32:14.899+03:00[14:26.422] P26656T24428     powershell:BrHook BrHook.cpp<1884>:DllMain(): BrHook loaded 66ms after process creation.
2026-10-03 20:32:14.899+03:00[14:26.422] P26656T24428     powershell:BrHook BrHook.cpp<1897>:DllMain(): Attach completed in 0ms.
2026-10-03 20:32:14.899+03:00[14:26.422] P26656T24428     powershell:BrHook BrHook.cpp<1782>:InitHooks(): Not initializing hooks because Bromium/Untrusted is disabled
2026-10-03 20:32:14.899+03:00[14:26.426] P26656T28388 trc powershell:BrHook observer_thread.cpp<64>:RealThreadMain(): Registry Watcher Thread: 28388
2026-10-03 20:43:48.100+03:00[25:59.619] P21028T19992 EVT powershell:BrShim Logs.cpp<330>:InitLogging(): Start process logging at level 0 for 'powershell.exe', 'BrShim.dll' build 4.4.33.1019 amd64
2026-10-03 20:43:48.101+03:00[25:59.619] P21028T19992     powershell:BrShim BrShim.cpp<218>:InstallAfterInitUnguarded(): BrShim 4.4.33.1019 loaded 47ms after process creation.
2026-10-03 20:43:48.101+03:00[25:59.619] P21028T19992     powershell:BrShim BrHookLoad.cpp<45>:LoadBrHook(): Loading: C:\Program Files\HP\Sure Click\servers\BrHook.dll
2026-10-03 20:43:48.105+03:00[25:59.624] P30264T25096 EVT powershell:BrShim Logs.cpp<330>:InitLogging(): Start process logging at level 0 for 'powershell.exe', 'BrShim.dll' build 4.4.33.1019 amd64
2026-10-03 20:43:48.105+03:00[25:59.624] P30264T25096     powershell:BrShim BrShim.cpp<218>:InstallAfterInitUnguarded(): BrShim 4.4.33.1019 loaded 39ms after process creation.
2026-10-03 20:43:48.106+03:00[25:59.624] P30264T25096     powershell:BrShim BrHookLoad.cpp<45>:LoadBrHook(): Loading: C:\Program Files\HP\Sure Click\servers\BrHook.dll
2026-10-03 20:43:48.112+03:00[25:59.631] P21028T19992 EVT powershell:BrHook Logs.cpp<330>:InitLogging(): Start process logging at level 0 for 'powershell.exe', 'BrHook.dll' build 4.4.33.1019 amd64
2026-10-03 20:43:48.112+03:00[25:59.631] P21028T19992 dbg powershell:BrHook settings.cpp<588>:GetActiveVersionWithPath(): - Found active version from CurrentVersion key 4.4.33.1019
2026-10-03 20:43:48.112+03:00[25:59.631] P21028T19992     powershell:BrHook BrHook.cpp<1884>:DllMain(): BrHook loaded 63ms after process creation.
2026-10-03 20:43:48.112+03:00[25:59.631] P21028T19992     powershell:BrHook BrHook.cpp<1897>:DllMain(): Attach completed in 0ms.
2026-10-03 20:43:48.112+03:00[25:59.632] P21028T19992     powershell:BrHook BrHook.cpp<1782>:InitHooks(): Not initializing hooks because Bromium/Untrusted is disabled
2026-10-03 20:43:48.116+03:00[25:59.636] P30264T25096 EVT powershell:BrHook Logs.cpp<330>:InitLogging(): Start process logging at level 0 for 'powershell.exe', 'BrHook.dll' build 4.4.33.1019 amd64
2026-10-03 20:43:48.117+03:00[25:59.636] P30264T25096 dbg powershell:BrHook settings.cpp<588>:GetActiveVersionWithPath(): - Found active version from CurrentVersion key 4.4.33.1019
2026-10-03 20:43:48.117+03:00[25:59.636] P30264T25096     powershell:BrHook BrHook.cpp<1884>:DllMain(): BrHook loaded 53ms after process creation.
2026-10-03 20:43:48.117+03:00[25:59.636] P30264T25096     powershell:BrHook BrHook.cpp<1897>:DllMain(): Attach completed in 0ms.
2026-10-03 20:43:48.117+03:00[25:59.636] P30264T25096     powershell:BrHook BrHook.cpp<1782>:InitHooks(): Not initializing hooks because Bromium/Untrusted is disabled
2026-10-03 20:43:48.118+03:00[25:59.637] P21028T28628 trc powershell:BrHook observer_thread.cpp<64>:RealThreadMain(): Registry Watcher Thread: 28628
2026-10-03 20:43:48.123+03:00[25:59.642] P30264T20872 trc powershell:BrHook observer_thread.cpp<64>:RealThreadMain(): Registry Watcher Thread: 20872
2026-10-04 12:46:55.880+03:00[29:17.200] P21200T24892 EVT powershell:BrShim Logs.cpp<330>:InitLogging(): Start process logging at level 0 for 'powershell.exe', 'BrShim.dll' build 4.4.33.1019 amd64
2026-10-04 12:46:55.880+03:00[29:17.202] P21200T24892     powershell:BrShim BrShim.cpp<218>:InstallAfterInitUnguarded(): BrShim 4.4.33.1019 loaded 97ms after process creation.
2026-10-04 12:46:55.880+03:00[29:17.203] P21200T24892     powershell:BrShim BrHookLoad.cpp<45>:LoadBrHook(): Loading: C:\Program Files\HP\Sure Click\servers\BrHook.dll
2026-10-04 12:46:55.908+03:00[29:17.224] P21200T24892 EVT powershell:BrHook Logs.cpp<330>:InitLogging(): Start process logging at level 0 for 'powershell.exe', 'BrHook.dll' build 4.4.33.1019 amd64
2026-10-04 12:46:55.908+03:00[29:17.224] P21200T24892 dbg powershell:BrHook settings.cpp<588>:GetActiveVersionWithPath(): - Found active version from CurrentVersion key 4.4.33.1019
2026-10-04 12:46:55.908+03:00[29:17.224] P21200T24892     powershell:BrHook BrHook.cpp<1884>:DllMain(): BrHook loaded 128ms after process creation.
2026-10-04 12:46:55.908+03:00[29:17.224] P21200T24892     powershell:BrHook BrHook.cpp<1897>:DllMain(): Attach completed in 16ms.
2026-10-04 12:46:55.908+03:00[29:17.225] P21200T24892     powershell:BrHook BrHook.cpp<1782>:InitHooks(): Not initializing hooks because Bromium/Untrusted is disabled
2026-10-04 12:46:55.914+03:00[29:17.230] P21200T17304 trc powershell:BrHook observer_thread.cpp<64>:RealThreadMain(): Registry Watcher Thread: 17304
2026-10-04 13:02:16.526+03:00[44:37.843] P28500T12420 EVT powershell:BrShim Logs.cpp<330>:InitLogging(): Start process logging at level 0 for 'powershell.exe', 'BrShim.dll' build 4.4.33.1019 amd64
2026-10-04 13:02:16.526+03:00[44:37.844] P28500T12420     powershell:BrShim BrShim.cpp<218>:InstallAfterInitUnguarded(): BrShim 4.4.33.1019 loaded 35ms after process creation.
2026-10-04 13:02:16.526+03:00[44:37.844] P28500T12420     powershell:BrShim BrHookLoad.cpp<45>:LoadBrHook(): Loading: C:\Program Files\HP\Sure Click\servers\BrHook.dll
2026-10-04 13:02:16.534+03:00[44:37.855] P28500T12420 EVT powershell:BrHook Logs.cpp<330>:InitLogging(): Start process logging at level 0 for 'powershell.exe', 'BrHook.dll' build 4.4.33.1019 amd64
2026-10-04 13:02:16.534+03:00[44:37.856] P28500T12420 dbg powershell:BrHook settings.cpp<588>:GetActiveVersionWithPath(): - Found active version from CurrentVersion key 4.4.33.1019
2026-10-04 13:02:16.534+03:00[44:37.856] P28500T12420     powershell:BrHook BrHook.cpp<1884>:DllMain(): BrHook loaded 52ms after process creation.
2026-10-04 13:02:16.534+03:00[44:37.856] P28500T12420     powershell:BrHook BrHook.cpp<1897>:DllMain(): Attach completed in 0ms.
2026-10-04 13:02:16.534+03:00[44:37.856] P28500T12420     powershell:BrHook BrHook.cpp<1782>:InitHooks(): Not initializing hooks because Bromium/Untrusted is disabled
2026-10-04 13:02:16.543+03:00[44:37.862] P28500T14944 trc powershell:BrHook observer_thread.cpp<64>:RealThreadMain(): Registry Watcher Thread: 14944
2026-10-04 13:19:17.427+03:00[01:38.743] P17000T15576 EVT powershell:BrShim Logs.cpp<330>:InitLogging(): Start process logging at level 0 for 'powershell.exe', 'BrShim.dll' build 4.4.33.1019 amd64
2026-10-04 13:19:17.427+03:00[01:38.743] P17000T15576     powershell:BrShim BrShim.cpp<218>:InstallAfterInitUnguarded(): BrShim 4.4.33.1019 loaded 39ms after process creation.
2026-10-04 13:19:17.427+03:00[01:38.744] P17000T15576     powershell:BrShim BrHookLoad.cpp<45>:LoadBrHook(): Loading: C:\Program Files\HP\Sure Click\servers\BrHook.dll
2026-10-04 13:19:17.436+03:00[01:38.754] P17000T15576 EVT powershell:BrHook Logs.cpp<330>:InitLogging(): Start process logging at level 0 for 'powershell.exe', 'BrHook.dll' build 4.4.33.1019 amd64
2026-10-04 13:19:17.436+03:00[01:38.755] P17000T15576 dbg powershell:BrHook settings.cpp<588>:GetActiveVersionWithPath(): - Found active version from CurrentVersion key 4.4.33.1019
2026-10-04 13:19:17.436+03:00[01:38.755] P17000T15576     powershell:BrHook BrHook.cpp<1884>:DllMain(): BrHook loaded 51ms after process creation.
2026-10-04 13:19:17.436+03:00[01:38.755] P17000T15576     powershell:BrHook BrHook.cpp<1897>:DllMain(): Attach completed in 0ms.
2026-10-04 13:19:17.436+03:00[01:38.755] P17000T15576     powershell:BrHook BrHook.cpp<1782>:InitHooks(): Not initializing hooks because Bromium/Untrusted is disabled
2026-10-04 13:19:17.436+03:00[01:38.759] P17000T29744 trc powershell:BrHook observer_thread.cpp<64>:RealThreadMain(): Registry Watcher Thread: 29744
2026-10-04 13:22:11.229+03:00[04:32.549] P22192T06204 EVT powershell:BrShim Logs.cpp<330>:InitLogging(): Start process logging at level 0 for 'powershell.exe', 'BrShim.dll' build 4.4.33.1019 amd64
2026-10-04 13:22:11.229+03:00[04:32.549] P22192T06204     powershell:BrShim BrShim.cpp<218>:InstallAfterInitUnguarded(): BrShim 4.4.33.1019 loaded 37ms after process creation.
2026-10-04 13:22:11.229+03:00[04:32.549] P22192T06204     powershell:BrShim BrHookLoad.cpp<45>:LoadBrHook(): Loading: C:\Program Files\HP\Sure Click\servers\BrHook.dll
2026-10-04 13:22:11.241+03:00[04:32.559] P22192T06204 EVT powershell:BrHook Logs.cpp<330>:InitLogging(): Start process logging at level 0 for 'powershell.exe', 'BrHook.dll' build 4.4.33.1019 amd64
2026-10-04 13:22:11.241+03:00[04:32.559] P22192T06204 dbg powershell:BrHook settings.cpp<588>:GetActiveVersionWithPath(): - Found active version from CurrentVersion key 4.4.33.1019
2026-10-04 13:22:11.241+03:00[04:32.559] P22192T06204     powershell:BrHook BrHook.cpp<1884>:DllMain(): BrHook loaded 47ms after process creation.
2026-10-04 13:22:11.241+03:00[04:32.559] P22192T06204     powershell:BrHook BrHook.cpp<1897>:DllMain(): Attach completed in 0ms.
2026-10-04 13:22:11.241+03:00[04:32.560] P22192T06204     powershell:BrHook BrHook.cpp<1782>:InitHooks(): Not initializing hooks because Bromium/Untrusted is disabled
2026-10-04 13:22:11.244+03:00[04:32.564] P22192T01184 trc powershell:BrHook observer_thread.cpp<64>:RealThreadMain(): Registry Watcher Thread: 1184
2026-10-04 13:22:29.758+03:00[04:51.074] P16640T20924 EVT powershell:BrShim Logs.cpp<330>:InitLogging(): Start process logging at level 0 for 'powershell.exe', 'BrShim.dll' build 4.4.33.1019 amd64
2026-10-04 13:22:29.758+03:00[04:51.074] P16640T20924     powershell:BrShim BrShim.cpp<218>:InstallAfterInitUnguarded(): BrShim 4.4.33.1019 loaded 27ms after process creation.
2026-10-04 13:22:29.758+03:00[04:51.075] P16640T20924     powershell:BrShim BrHookLoad.cpp<45>:LoadBrHook(): Loading: C:\Program Files\HP\Sure Click\servers\BrHook.dll
2026-10-04 13:22:29.758+03:00[04:51.084] P16640T20924 EVT powershell:BrHook Logs.cpp<330>:InitLogging(): Start process logging at level 0 for 'powershell.exe', 'BrHook.dll' build 4.4.33.1019 amd64
2026-10-04 13:22:29.758+03:00[04:51.084] P16640T20924 dbg powershell:BrHook settings.cpp<588>:GetActiveVersionWithPath(): - Found active version from CurrentVersion key 4.4.33.1019
2026-10-04 13:22:29.758+03:00[04:51.084] P16640T20924     powershell:BrHook BrHook.cpp<1884>:DllMain(): BrHook loaded 43ms after process creation.
2026-10-04 13:22:29.758+03:00[04:51.084] P16640T20924     powershell:BrHook BrHook.cpp<1897>:DllMain(): Attach completed in 0ms.
2026-10-04 13:22:29.758+03:00[04:51.084] P16640T20924     powershell:BrHook BrHook.cpp<1782>:InitHooks(): Not initializing hooks because Bromium/Untrusted is disabled
2026-10-04 13:22:29.771+03:00[04:51.089] P16640T16740 trc powershell:BrHook observer_thread.cpp<64>:RealThreadMain(): Registry Watcher Thread: 16740
2026-10-04 15:23:30.253+03:00[05:54.012] P02528T26760 EVT powershell:BrShim Logs.cpp<330>:InitLogging(): Start process logging at level 0 for 'powershell.exe', 'BrShim.dll' build 4.4.33.1019 amd64
2026-10-04 15:23:30.253+03:00[05:54.012] P02528T26760     powershell:BrShim BrShim.cpp<218>:InstallAfterInitUnguarded(): BrShim 4.4.33.1019 loaded 40ms after process creation.
2026-10-04 15:23:30.253+03:00[05:54.013] P02528T26760     powershell:BrShim BrHookLoad.cpp<45>:LoadBrHook(): Loading: C:\Program Files\HP\Sure Click\servers\BrHook.dll
2026-10-04 15:23:30.272+03:00[05:54.020] P02528T26760 EVT powershell:BrHook Logs.cpp<330>:InitLogging(): Start process logging at level 0 for 'powershell.exe', 'BrHook.dll' build 4.4.33.1019 amd64
2026-10-04 15:23:30.272+03:00[05:54.021] P02528T26760 dbg powershell:BrHook settings.cpp<588>:GetActiveVersionWithPath(): - Found active version from CurrentVersion key 4.4.33.1019
2026-10-04 15:23:30.272+03:00[05:54.021] P02528T26760     powershell:BrHook BrHook.cpp<1884>:DllMain(): BrHook loaded 56ms after process creation.
2026-10-04 15:23:30.272+03:00[05:54.021] P02528T26760     powershell:BrHook BrHook.cpp<1897>:DllMain(): Attach completed in 0ms.
2026-10-04 15:23:30.272+03:00[05:54.021] P02528T26760     powershell:BrHook BrHook.cpp<1782>:InitHooks(): Not initializing hooks because Bromium/Untrusted is disabled
2026-10-04 15:23:30.272+03:00[05:54.024] P02528T22252 trc powershell:BrHook observer_thread.cpp<64>:RealThreadMain(): Registry Watcher Thread: 22252
2026-10-04 15:33:29.799+03:00[15:53.556] P16376T27256 EVT powershell:BrShim Logs.cpp<330>:InitLogging(): Start process logging at level 0 for 'powershell.exe', 'BrShim.dll' build 4.4.33.1019 amd64
2026-10-04 15:33:29.799+03:00[15:53.557] P16376T27256     powershell:BrShim BrShim.cpp<218>:InstallAfterInitUnguarded(): BrShim 4.4.33.1019 loaded 37ms after process creation.
2026-10-04 15:33:29.799+03:00[15:53.557] P16376T27256     powershell:BrShim BrHookLoad.cpp<45>:LoadBrHook(): Loading: C:\Program Files\HP\Sure Click\servers\BrHook.dll
2026-10-04 15:33:29.815+03:00[15:53.564] P16376T27256 EVT powershell:BrHook Logs.cpp<330>:InitLogging(): Start process logging at level 0 for 'powershell.exe', 'BrHook.dll' build 4.4.33.1019 amd64
2026-10-04 15:33:29.815+03:00[15:53.565] P16376T27256 dbg powershell:BrHook settings.cpp<588>:GetActiveVersionWithPath(): - Found active version from CurrentVersion key 4.4.33.1019
2026-10-04 15:33:29.815+03:00[15:53.565] P16376T27256     powershell:BrHook BrHook.cpp<1884>:DllMain(): BrHook loaded 53ms after process creation.
2026-10-04 15:33:29.815+03:00[15:53.565] P16376T27256     powershell:BrHook BrHook.cpp<1897>:DllMain(): Attach completed in 0ms.
2026-10-04 15:33:29.815+03:00[15:53.565] P16376T27256     powershell:BrHook BrHook.cpp<1782>:InitHooks(): Not initializing hooks because Bromium/Untrusted is disabled
2026-10-04 15:33:29.815+03:00[15:53.568] P16376T22484 trc powershell:BrHook observer_thread.cpp<64>:RealThreadMain(): Registry Watcher Thread: 22484
2026-10-04 15:33:43.940+03:00[16:07.690] P13344T01348 EVT powershell:BrShim Logs.cpp<330>:InitLogging(): Start process logging at level 0 for 'powershell.exe', 'BrShim.dll' build 4.4.33.1019 amd64
2026-10-04 15:33:43.940+03:00[16:07.690] P13344T01348     powershell:BrShim BrShim.cpp<218>:InstallAfterInitUnguarded(): BrShim 4.4.33.1019 loaded 37ms after process creation.
2026-10-04 15:33:43.940+03:00[16:07.690] P13344T01348     powershell:BrShim BrHookLoad.cpp<45>:LoadBrHook(): Loading: C:\Program Files\HP\Sure Click\servers\BrHook.dll
2026-10-04 15:33:43.948+03:00[16:07.697] P13344T01348 EVT powershell:BrHook Logs.cpp<330>:InitLogging(): Start process logging at level 0 for 'powershell.exe', 'BrHook.dll' build 4.4.33.1019 amd64
2026-10-04 15:33:43.948+03:00[16:07.698] P13344T01348 dbg powershell:BrHook settings.cpp<588>:GetActiveVersionWithPath(): - Found active version from CurrentVersion key 4.4.33.1019
2026-10-04 15:33:43.948+03:00[16:07.698] P13344T01348     powershell:BrHook BrHook.cpp<1884>:DllMain(): BrHook loaded 44ms after process creation.
2026-10-04 15:33:43.948+03:00[16:07.698] P13344T01348     powershell:BrHook BrHook.cpp<1897>:DllMain(): Attach completed in 0ms.
2026-10-04 15:33:43.948+03:00[16:07.698] P13344T01348     powershell:BrHook BrHook.cpp<1782>:InitHooks(): Not initializing hooks because Bromium/Untrusted is disabled
2026-10-04 15:33:43.952+03:00[16:07.701] P13344T29084 trc powershell:BrHook observer_thread.cpp<64>:RealThreadMain(): Registry Watcher Thread: 29084
2026-10-04 16:22:16.605+03:00[04:40.364] P28044T10796 EVT powershell:BrShim Logs.cpp<330>:InitLogging(): Start process logging at level 0 for 'powershell.exe', 'BrShim.dll' build 4.4.33.1019 amd64
2026-10-04 16:22:16.605+03:00[04:40.364] P28044T10796     powershell:BrShim BrShim.cpp<218>:InstallAfterInitUnguarded(): BrShim 4.4.33.1019 loaded 33ms after process creation.
2026-10-04 16:22:16.605+03:00[04:40.364] P28044T10796     powershell:BrShim BrHookLoad.cpp<45>:LoadBrHook(): Loading: C:\Program Files\HP\Sure Click\servers\BrHook.dll
2026-10-04 16:22:16.620+03:00[04:40.372] P28044T10796 EVT powershell:BrHook Logs.cpp<330>:InitLogging(): Start process logging at level 0 for 'powershell.exe', 'BrHook.dll' build 4.4.33.1019 amd64
2026-10-04 16:22:16.620+03:00[04:40.372] P28044T10796 dbg powershell:BrHook settings.cpp<588>:GetActiveVersionWithPath(): - Found active version from CurrentVersion key 4.4.33.1019
2026-10-04 16:22:16.620+03:00[04:40.372] P28044T10796     powershell:BrHook BrHook.cpp<1884>:DllMain(): BrHook loaded 49ms after process creation.
2026-10-04 16:22:16.620+03:00[04:40.372] P28044T10796     powershell:BrHook BrHook.cpp<1897>:DllMain(): Attach completed in 0ms.
2026-10-04 16:22:16.620+03:00[04:40.372] P28044T10796     powershell:BrHook BrHook.cpp<1782>:InitHooks(): Not initializing hooks because Bromium/Untrusted is disabled
2026-10-04 16:22:16.620+03:00[04:40.376] P28044T27352 trc powershell:BrHook observer_thread.cpp<64>:RealThreadMain(): Registry Watcher Thread: 27352
2026-10-04 16:25:31.601+03:00[07:55.349] P19384T17640 EVT powershell:BrShim Logs.cpp<330>:InitLogging(): Start process logging at level 0 for 'powershell.exe', 'BrShim.dll' build 4.4.33.1019 amd64
2026-10-04 16:25:31.601+03:00[07:55.349] P19384T17640     powershell:BrShim BrShim.cpp<218>:InstallAfterInitUnguarded(): BrShim 4.4.33.1019 loaded 68ms after process creation.
2026-10-04 16:25:31.601+03:00[07:55.350] P19384T17640     powershell:BrShim BrHookLoad.cpp<45>:LoadBrHook(): Loading: C:\Program Files\HP\Sure Click\servers\BrHook.dll
2026-10-04 16:25:31.608+03:00[07:55.357] P19384T17640 EVT powershell:BrHook Logs.cpp<330>:InitLogging(): Start process logging at level 0 for 'powershell.exe', 'BrHook.dll' build 4.4.33.1019 amd64
2026-10-04 16:25:31.608+03:00[07:55.358] P19384T17640 dbg powershell:BrHook settings.cpp<588>:GetActiveVersionWithPath(): - Found active version from CurrentVersion key 4.4.33.1019
2026-10-04 16:25:31.608+03:00[07:55.358] P19384T17640     powershell:BrHook BrHook.cpp<1884>:DllMain(): BrHook loaded 77ms after process creation.
2026-10-04 16:25:31.608+03:00[07:55.358] P19384T17640     powershell:BrHook BrHook.cpp<1897>:DllMain(): Attach completed in 0ms.
2026-10-04 16:25:31.608+03:00[07:55.358] P19384T17640     powershell:BrHook BrHook.cpp<1782>:InitHooks(): Not initializing hooks because Bromium/Untrusted is disabled
2026-10-04 16:25:31.613+03:00[07:55.362] P19384T20420 trc powershell:BrHook observer_thread.cpp<64>:RealThreadMain(): Registry Watcher Thread: 20420
2026-10-04 16:31:36.428+03:00[14:00.178] P29960T22140 EVT powershell:BrShim Logs.cpp<330>:InitLogging(): Start process logging at level 0 for 'powershell.exe', 'BrShim.dll' build 4.4.33.1019 amd64
2026-10-04 16:31:36.430+03:00[14:00.178] P29960T22140     powershell:BrShim BrShim.cpp<218>:InstallAfterInitUnguarded(): BrShim 4.4.33.1019 loaded 40ms after process creation.
2026-10-04 16:31:36.430+03:00[14:00.179] P29960T22140     powershell:BrShim BrHookLoad.cpp<45>:LoadBrHook(): Loading: C:\Program Files\HP\Sure Click\servers\BrHook.dll
2026-10-04 16:31:36.434+03:00[14:00.186] P29960T22140 EVT powershell:BrHook Logs.cpp<330>:InitLogging(): Start process logging at level 0 for 'powershell.exe', 'BrHook.dll' build 4.4.33.1019 amd64
2026-10-04 16:31:36.434+03:00[14:00.186] P29960T22140 dbg powershell:BrHook settings.cpp<588>:GetActiveVersionWithPath(): - Found active version from CurrentVersion key 4.4.33.1019
2026-10-04 16:31:36.434+03:00[14:00.187] P29960T22140     powershell:BrHook BrHook.cpp<1884>:DllMain(): BrHook loaded 49ms after process creation.
2026-10-04 16:31:36.434+03:00[14:00.187] P29960T22140     powershell:BrHook BrHook.cpp<1897>:DllMain(): Attach completed in 0ms.
2026-10-04 16:31:36.434+03:00[14:00.187] P29960T22140     powershell:BrHook BrHook.cpp<1782>:InitHooks(): Not initializing hooks because Bromium/Untrusted is disabled
2026-10-04 16:31:36.434+03:00[14:00.190] P29960T27044 trc powershell:BrHook observer_thread.cpp<64>:RealThreadMain(): Registry Watcher Thread: 27044
2026-10-04 16:33:05.452+03:00[15:29.202] P10232T29648 EVT powershell:BrShim Logs.cpp<330>:InitLogging(): Start process logging at level 0 for 'powershell.exe', 'BrShim.dll' build 4.4.33.1019 amd64
2026-10-04 16:33:05.454+03:00[15:29.202] P10232T29648     powershell:BrShim BrShim.cpp<218>:InstallAfterInitUnguarded(): BrShim 4.4.33.1019 loaded 41ms after process creation.
2026-10-04 16:33:05.454+03:00[15:29.203] P10232T29648     powershell:BrShim BrHookLoad.cpp<45>:LoadBrHook(): Loading: C:\Program Files\HP\Sure Click\servers\BrHook.dll
2026-10-04 16:33:05.462+03:00[15:29.210] P10232T29648 EVT powershell:BrHook Logs.cpp<330>:InitLogging(): Start process logging at level 0 for 'powershell.exe', 'BrHook.dll' build 4.4.33.1019 amd64
2026-10-04 16:33:05.463+03:00[15:29.211] P10232T29648 dbg powershell:BrHook settings.cpp<588>:GetActiveVersionWithPath(): - Found active version from CurrentVersion key 4.4.33.1019
2026-10-04 16:33:05.463+03:00[15:29.211] P10232T29648     powershell:BrHook BrHook.cpp<1884>:DllMain(): BrHook loaded 50ms after process creation.
2026-10-04 16:33:05.463+03:00[15:29.211] P10232T29648     powershell:BrHook BrHook.cpp<1897>:DllMain(): Attach completed in 0ms.
2026-10-04 16:33:05.463+03:00[15:29.211] P10232T29648     powershell:BrHook BrHook.cpp<1782>:InitHooks(): Not initializing hooks because Bromium/Untrusted is disabled
2026-10-04 16:33:05.466+03:00[15:29.214] P10232T29240 trc powershell:BrHook observer_thread.cpp<64>:RealThreadMain(): Registry Watcher Thread: 29240
2026-10-04 16:36:53.710+03:00[19:17.459] P08516T19112 EVT powershell:BrShim Logs.cpp<330>:InitLogging(): Start process logging at level 0 for 'powershell.exe', 'BrShim.dll' build 4.4.33.1019 amd64
2026-10-04 16:36:53.710+03:00[19:17.459] P08516T19112     powershell:BrShim BrShim.cpp<218>:InstallAfterInitUnguarded(): BrShim 4.4.33.1019 loaded 60ms after process creation.
2026-10-04 16:36:53.710+03:00[19:17.459] P08516T19112     powershell:BrShim BrHookLoad.cpp<45>:LoadBrHook(): Loading: C:\Program Files\HP\Sure Click\servers\BrHook.dll
2026-10-04 16:36:53.714+03:00[19:17.467] P08516T19112 EVT powershell:BrHook Logs.cpp<330>:InitLogging(): Start process logging at level 0 for 'powershell.exe', 'BrHook.dll' build 4.4.33.1019 amd64
2026-10-04 16:36:53.714+03:00[19:17.467] P08516T19112 dbg powershell:BrHook settings.cpp<588>:GetActiveVersionWithPath(): - Found active version from CurrentVersion key 4.4.33.1019
2026-10-04 16:36:53.714+03:00[19:17.468] P08516T19112     powershell:BrHook BrHook.cpp<1884>:DllMain(): BrHook loaded 67ms after process creation.
2026-10-04 16:36:53.714+03:00[19:17.468] P08516T19112     powershell:BrHook BrHook.cpp<1897>:DllMain(): Attach completed in 0ms.
2026-10-04 16:36:53.714+03:00[19:17.468] P08516T19112     powershell:BrHook BrHook.cpp<1782>:InitHooks(): Not initializing hooks because Bromium/Untrusted is disabled
2026-10-04 16:36:53.723+03:00[19:17.471] P08516T26460 trc powershell:BrHook observer_thread.cpp<64>:RealThreadMain(): Registry Watcher Thread: 26460
2026-10-04 16:37:56.313+03:00[20:20.062] P29520T24736 EVT powershell:BrShim Logs.cpp<330>:InitLogging(): Start process logging at level 0 for 'powershell.exe', 'BrShim.dll' build 4.4.33.1019 amd64
2026-10-04 16:37:56.313+03:00[20:20.062] P29520T24736     powershell:BrShim BrShim.cpp<218>:InstallAfterInitUnguarded(): BrShim 4.4.33.1019 loaded 33ms after process creation.
2026-10-04 16:37:56.313+03:00[20:20.062] P29520T24736     powershell:BrShim BrHookLoad.cpp<45>:LoadBrHook(): Loading: C:\Program Files\HP\Sure Click\servers\BrHook.dll
2026-10-04 16:37:56.320+03:00[20:20.069] P12788T07848 EVT powershell:BrShim Logs.cpp<330>:InitLogging(): Start process logging at level 0 for 'powershell.exe', 'BrShim.dll' build 4.4.33.1019 amd64
2026-10-04 16:37:56.320+03:00[20:20.069] P29520T24736 EVT powershell:BrHook Logs.cpp<330>:InitLogging(): Start process logging at level 0 for 'powershell.exe', 'BrHook.dll' build 4.4.33.1019 amd64
2026-10-04 16:37:56.320+03:00[20:20.069] P12788T07848     powershell:BrShim BrShim.cpp<218>:InstallAfterInitUnguarded(): BrShim 4.4.33.1019 loaded 32ms after process creation.
2026-10-04 16:37:56.320+03:00[20:20.069] P29520T24736 dbg powershell:BrHook settings.cpp<588>:GetActiveVersionWithPath(): - Found active version from CurrentVersion key 4.4.33.1019
2026-10-04 16:37:56.320+03:00[20:20.069] P29520T24736     powershell:BrHook BrHook.cpp<1884>:DllMain(): BrHook loaded 42ms after process creation.
2026-10-04 16:37:56.320+03:00[20:20.069] P29520T24736     powershell:BrHook BrHook.cpp<1897>:DllMain(): Attach completed in 16ms.
2026-10-04 16:37:56.320+03:00[20:20.070] P12788T07848     powershell:BrShim BrHookLoad.cpp<45>:LoadBrHook(): Loading: C:\Program Files\HP\Sure Click\servers\BrHook.dll
2026-10-04 16:37:56.320+03:00[20:20.070] P29520T24736     powershell:BrHook BrHook.cpp<1782>:InitHooks(): Not initializing hooks because Bromium/Untrusted is disabled
2026-10-04 16:37:56.324+03:00[20:20.073] P29520T05100 trc powershell:BrHook observer_thread.cpp<64>:RealThreadMain(): Registry Watcher Thread: 5100
2026-10-04 16:37:56.328+03:00[20:20.077] P12788T07848 EVT powershell:BrHook Logs.cpp<330>:InitLogging(): Start process logging at level 0 for 'powershell.exe', 'BrHook.dll' build 4.4.33.1019 amd64
2026-10-04 16:37:56.328+03:00[20:20.077] P12788T07848 dbg powershell:BrHook settings.cpp<588>:GetActiveVersionWithPath(): - Found active version from CurrentVersion key 4.4.33.1019
2026-10-04 16:37:56.328+03:00[20:20.077] P12788T07848     powershell:BrHook BrHook.cpp<1884>:DllMain(): BrHook loaded 41ms after process creation.
2026-10-04 16:37:56.328+03:00[20:20.077] P12788T07848     powershell:BrHook BrHook.cpp<1897>:DllMain(): Attach completed in 0ms.
2026-10-04 16:37:56.328+03:00[20:20.077] P12788T07848     powershell:BrHook BrHook.cpp<1782>:InitHooks(): Not initializing hooks because Bromium/Untrusted is disabled
2026-10-04 16:37:56.332+03:00[20:20.081] P12788T26720 trc powershell:BrHook observer_thread.cpp<64>:RealThreadMain(): Registry Watcher Thread: 26720
2026-10-04 16:42:43.488+03:00[25:07.237] P24584T26680 EVT powershell:BrShim Logs.cpp<330>:InitLogging(): Start process logging at level 0 for 'powershell.exe', 'BrShim.dll' build 4.4.33.1019 amd64
2026-10-04 16:42:43.488+03:00[25:07.237] P24584T26680     powershell:BrShim BrShim.cpp<218>:InstallAfterInitUnguarded(): BrShim 4.4.33.1019 loaded 37ms after process creation.
2026-10-04 16:42:43.488+03:00[25:07.237] P24584T26680     powershell:BrShim BrHookLoad.cpp<45>:LoadBrHook(): Loading: C:\Program Files\HP\Sure Click\servers\BrHook.dll
2026-10-04 16:42:43.493+03:00[25:07.245] P24584T26680 EVT powershell:BrHook Logs.cpp<330>:InitLogging(): Start process logging at level 0 for 'powershell.exe', 'BrHook.dll' build 4.4.33.1019 amd64
2026-10-04 16:42:43.493+03:00[25:07.245] P24584T26680 dbg powershell:BrHook settings.cpp<588>:GetActiveVersionWithPath(): - Found active version from CurrentVersion key 4.4.33.1019
2026-10-04 16:42:43.493+03:00[25:07.245] P24584T26680     powershell:BrHook BrHook.cpp<1884>:DllMain(): BrHook loaded 46ms after process creation.
2026-10-04 16:42:43.493+03:00[25:07.245] P24584T26680     powershell:BrHook BrHook.cpp<1897>:DllMain(): Attach completed in 0ms.
2026-10-04 16:42:43.493+03:00[25:07.246] P24584T26680     powershell:BrHook BrHook.cpp<1782>:InitHooks(): Not initializing hooks because Bromium/Untrusted is disabled
2026-10-04 16:42:43.493+03:00[25:07.250] P24584T23956 trc powershell:BrHook observer_thread.cpp<64>:RealThreadMain(): Registry Watcher Thread: 23956
2026-10-04 16:43:25.322+03:00[25:49.070] P13496T17652 EVT powershell:BrShim Logs.cpp<330>:InitLogging(): Start process logging at level 0 for 'powershell.exe', 'BrShim.dll' build 4.4.33.1019 amd64
2026-10-04 16:43:25.322+03:00[25:49.071] P13496T17652     powershell:BrShim BrShim.cpp<218>:InstallAfterInitUnguarded(): BrShim 4.4.33.1019 loaded 43ms after process creation.
2026-10-04 16:43:25.322+03:00[25:49.071] P13496T17652     powershell:BrShim BrHookLoad.cpp<45>:LoadBrHook(): Loading: C:\Program Files\HP\Sure Click\servers\BrHook.dll
2026-10-04 16:43:25.322+03:00[25:49.078] P13496T17652 EVT powershell:BrHook Logs.cpp<330>:InitLogging(): Start process logging at level 0 for 'powershell.exe', 'BrHook.dll' build 4.4.33.1019 amd64
2026-10-04 16:43:25.322+03:00[25:49.078] P13496T17652 dbg powershell:BrHook settings.cpp<588>:GetActiveVersionWithPath(): - Found active version from CurrentVersion key 4.4.33.1019
2026-10-04 16:43:25.322+03:00[25:49.078] P13496T17652     powershell:BrHook BrHook.cpp<1884>:DllMain(): BrHook loaded 59ms after process creation.
2026-10-04 16:43:25.322+03:00[25:49.078] P13496T17652     powershell:BrHook BrHook.cpp<1897>:DllMain(): Attach completed in 0ms.
2026-10-04 16:43:25.322+03:00[25:49.079] P13496T17652     powershell:BrHook BrHook.cpp<1782>:InitHooks(): Not initializing hooks because Bromium/Untrusted is disabled
2026-10-04 16:43:25.322+03:00[25:49.082] P13496T25352 trc powershell:BrHook observer_thread.cpp<64>:RealThreadMain(): Registry Watcher Thread: 25352
2026-10-04 16:44:17.429+03:00[26:41.190] P01500T14720 EVT powershell:BrShim Logs.cpp<330>:InitLogging(): Start process logging at level 0 for 'powershell.exe', 'BrShim.dll' build 4.4.33.1019 amd64
2026-10-04 16:44:17.429+03:00[26:41.191] P01500T14720     powershell:BrShim BrShim.cpp<218>:InstallAfterInitUnguarded(): BrShim 4.4.33.1019 loaded 28ms after process creation.
2026-10-04 16:44:17.429+03:00[26:41.191] P01500T14720     powershell:BrShim BrHookLoad.cpp<45>:LoadBrHook(): Loading: C:\Program Files\HP\Sure Click\servers\BrHook.dll
2026-10-04 16:44:17.450+03:00[26:41.199] P01500T14720 EVT powershell:BrHook Logs.cpp<330>:InitLogging(): Start process logging at level 0 for 'powershell.exe', 'BrHook.dll' build 4.4.33.1019 amd64
2026-10-04 16:44:17.450+03:00[26:41.199] P01500T14720 dbg powershell:BrHook settings.cpp<588>:GetActiveVersionWithPath(): - Found active version from CurrentVersion key 4.4.33.1019
2026-10-04 16:44:17.450+03:00[26:41.199] P01500T14720     powershell:BrHook BrHook.cpp<1884>:DllMain(): BrHook loaded 47ms after process creation.
2026-10-04 16:44:17.450+03:00[26:41.199] P01500T14720     powershell:BrHook BrHook.cpp<1897>:DllMain(): Attach completed in 0ms.
2026-10-04 16:44:17.450+03:00[26:41.199] P01500T14720     powershell:BrHook BrHook.cpp<1782>:InitHooks(): Not initializing hooks because Bromium/Untrusted is disabled
2026-10-04 16:44:17.455+03:00[26:41.203] P01500T08264 trc powershell:BrHook observer_thread.cpp<64>:RealThreadMain(): Registry Watcher Thread: 8264
2026-10-04 17:08:08.523+03:00[50:32.284] P01388T26460 EVT powershell:BrShim Logs.cpp<330>:InitLogging(): Start process logging at level 0 for 'powershell.exe', 'BrShim.dll' build 4.4.33.1019 amd64
2026-10-04 17:08:08.523+03:00[50:32.284] P01388T26460     powershell:BrShim BrShim.cpp<218>:InstallAfterInitUnguarded(): BrShim 4.4.33.1019 loaded 43ms after process creation.
2026-10-04 17:08:08.523+03:00[50:32.285] P01388T26460     powershell:BrShim BrHookLoad.cpp<45>:LoadBrHook(): Loading: C:\Program Files\HP\Sure Click\servers\BrHook.dll
2026-10-04 17:08:08.543+03:00[50:32.292] P01388T26460 EVT powershell:BrHook Logs.cpp<330>:InitLogging(): Start process logging at level 0 for 'powershell.exe', 'BrHook.dll' build 4.4.33.1019 amd64
2026-10-04 17:08:08.543+03:00[50:32.293] P01388T26460 dbg powershell:BrHook settings.cpp<588>:GetActiveVersionWithPath(): - Found active version from CurrentVersion key 4.4.33.1019
2026-10-04 17:08:08.543+03:00[50:32.293] P01388T26460     powershell:BrHook BrHook.cpp<1884>:DllMain(): BrHook loaded 61ms after process creation.
2026-10-04 17:08:08.543+03:00[50:32.293] P01388T26460     powershell:BrHook BrHook.cpp<1897>:DllMain(): Attach completed in 0ms.
2026-10-04 17:08:08.543+03:00[50:32.293] P01388T26460     powershell:BrHook BrHook.cpp<1782>:InitHooks(): Not initializing hooks because Bromium/Untrusted is disabled
2026-10-04 17:08:08.547+03:00[50:32.296] P01388T30704 trc powershell:BrHook observer_thread.cpp<64>:RealThreadMain(): Registry Watcher Thread: 30704
2026-10-04 17:08:34.685+03:00[50:58.438] P28960T26412 EVT powershell:BrShim Logs.cpp<330>:InitLogging(): Start process logging at level 0 for 'powershell.exe', 'BrShim.dll' build 4.4.33.1019 amd64
2026-10-04 17:08:34.685+03:00[50:58.438] P28960T26412     powershell:BrShim BrShim.cpp<218>:InstallAfterInitUnguarded(): BrShim 4.4.33.1019 loaded 35ms after process creation.
2026-10-04 17:08:34.685+03:00[50:58.438] P28960T26412     powershell:BrShim BrHookLoad.cpp<45>:LoadBrHook(): Loading: C:\Program Files\HP\Sure Click\servers\BrHook.dll
2026-10-04 17:08:34.695+03:00[50:58.447] P28960T26412 EVT powershell:BrHook Logs.cpp<330>:InitLogging(): Start process logging at level 0 for 'powershell.exe', 'BrHook.dll' build 4.4.33.1019 amd64
2026-10-04 17:08:34.695+03:00[50:58.448] P28960T26412 dbg powershell:BrHook settings.cpp<588>:GetActiveVersionWithPath(): - Found active version from CurrentVersion key 4.4.33.1019
2026-10-04 17:08:34.695+03:00[50:58.448] P28960T26412     powershell:BrHook BrHook.cpp<1884>:DllMain(): BrHook loaded 46ms after process creation.
2026-10-04 17:08:34.695+03:00[50:58.448] P28960T26412     powershell:BrHook BrHook.cpp<1897>:DllMain(): Attach completed in 0ms.
2026-10-04 17:08:34.695+03:00[50:58.448] P28960T26412     powershell:BrHook BrHook.cpp<1782>:InitHooks(): Not initializing hooks because Bromium/Untrusted is disabled
2026-10-04 17:08:34.703+03:00[50:58.451] P28960T28992 trc powershell:BrHook observer_thread.cpp<64>:RealThreadMain(): Registry Watcher Thread: 28992
2026-10-04 17:10:26.223+03:00[52:49.972] P25100T28712 EVT powershell:BrShim Logs.cpp<330>:InitLogging(): Start process logging at level 0 for 'powershell.exe', 'BrShim.dll' build 4.4.33.1019 amd64
2026-10-04 17:10:26.223+03:00[52:49.972] P25100T28712     powershell:BrShim BrShim.cpp<218>:InstallAfterInitUnguarded(): BrShim 4.4.33.1019 loaded 51ms after process creation.
2026-10-04 17:10:26.223+03:00[52:49.972] P25100T28712     powershell:BrShim BrHookLoad.cpp<45>:LoadBrHook(): Loading: C:\Program Files\HP\Sure Click\servers\BrHook.dll
2026-10-04 17:10:26.229+03:00[52:49.980] P25100T28712 EVT powershell:BrHook Logs.cpp<330>:InitLogging(): Start process logging at level 0 for 'powershell.exe', 'BrHook.dll' build 4.4.33.1019 amd64
2026-10-04 17:10:26.229+03:00[52:49.981] P25100T28712 dbg powershell:BrHook settings.cpp<588>:GetActiveVersionWithPath(): - Found active version from CurrentVersion key 4.4.33.1019
2026-10-04 17:10:26.229+03:00[52:49.981] P25100T28712     powershell:BrHook BrHook.cpp<1884>:DllMain(): BrHook loaded 62ms after process creation.
2026-10-04 17:10:26.229+03:00[52:49.981] P25100T28712     powershell:BrHook BrHook.cpp<1897>:DllMain(): Attach completed in 0ms.
2026-10-04 17:10:26.229+03:00[52:49.981] P25100T28712     powershell:BrHook BrHook.cpp<1782>:InitHooks(): Not initializing hooks because Bromium/Untrusted is disabled
2026-10-04 17:10:26.233+03:00[52:49.984] P25100T30560 trc powershell:BrHook observer_thread.cpp<64>:RealThreadMain(): Registry Watcher Thread: 30560
2026-10-04 17:19:21.567+03:00[01:45.316] P20852T05136 EVT powershell:BrShim Logs.cpp<330>:InitLogging(): Start process logging at level 0 for 'powershell.exe', 'BrShim.dll' build 4.4.33.1019 amd64
2026-10-04 17:19:21.569+03:00[01:45.317] P20852T05136     powershell:BrShim BrShim.cpp<218>:InstallAfterInitUnguarded(): BrShim 4.4.33.1019 loaded 46ms after process creation.
2026-10-04 17:19:21.569+03:00[01:45.317] P20852T05136     powershell:BrShim BrHookLoad.cpp<45>:LoadBrHook(): Loading: C:\Program Files\HP\Sure Click\servers\BrHook.dll
2026-10-04 17:19:21.577+03:00[01:45.326] P20852T05136 EVT powershell:BrHook Logs.cpp<330>:InitLogging(): Start process logging at level 0 for 'powershell.exe', 'BrHook.dll' build 4.4.33.1019 amd64
2026-10-04 17:19:21.577+03:00[01:45.326] P20852T05136 dbg powershell:BrHook settings.cpp<588>:GetActiveVersionWithPath(): - Found active version from CurrentVersion key 4.4.33.1019
2026-10-04 17:19:21.577+03:00[01:45.326] P20852T05136     powershell:BrHook BrHook.cpp<1884>:DllMain(): BrHook loaded 56ms after process creation.
2026-10-04 17:19:21.577+03:00[01:45.326] P20852T05136     powershell:BrHook BrHook.cpp<1897>:DllMain(): Attach completed in 0ms.
2026-10-04 17:19:21.577+03:00[01:45.326] P20852T05136     powershell:BrHook BrHook.cpp<1782>:InitHooks(): Not initializing hooks because Bromium/Untrusted is disabled
2026-10-04 17:19:21.581+03:00[01:45.330] P20852T07768 trc powershell:BrHook observer_thread.cpp<64>:RealThreadMain(): Registry Watcher Thread: 7768
2026-10-04 17:20:16.321+03:00[02:40.070] P17480T15472 EVT powershell:BrShim Logs.cpp<330>:InitLogging(): Start process logging at level 0 for 'powershell.exe', 'BrShim.dll' build 4.4.33.1019 amd64
2026-10-04 17:20:16.321+03:00[02:40.070] P17480T15472     powershell:BrShim BrShim.cpp<218>:InstallAfterInitUnguarded(): BrShim 4.4.33.1019 loaded 48ms after process creation.
2026-10-04 17:20:16.321+03:00[02:40.071] P17480T15472     powershell:BrShim BrHookLoad.cpp<45>:LoadBrHook(): Loading: C:\Program Files\HP\Sure Click\servers\BrHook.dll
2026-10-04 17:20:16.330+03:00[02:40.078] P17480T15472 EVT powershell:BrHook Logs.cpp<330>:InitLogging(): Start process logging at level 0 for 'powershell.exe', 'BrHook.dll' build 4.4.33.1019 amd64
2026-10-04 17:20:16.330+03:00[02:40.079] P17480T15472 dbg powershell:BrHook settings.cpp<588>:GetActiveVersionWithPath(): - Found active version from CurrentVersion key 4.4.33.1019
2026-10-04 17:20:16.330+03:00[02:40.079] P17480T15472     powershell:BrHook BrHook.cpp<1884>:DllMain(): BrHook loaded 57ms after process creation.
2026-10-04 17:20:16.330+03:00[02:40.079] P17480T15472     powershell:BrHook BrHook.cpp<1897>:DllMain(): Attach completed in 0ms.
2026-10-04 17:20:16.330+03:00[02:40.079] P17480T15472     powershell:BrHook BrHook.cpp<1782>:InitHooks(): Not initializing hooks because Bromium/Untrusted is disabled
2026-10-04 17:20:16.334+03:00[02:40.083] P17480T23148 trc powershell:BrHook observer_thread.cpp<64>:RealThreadMain(): Registry Watcher Thread: 23148
2026-10-04 17:20:17.545+03:00[02:41.300] P29384T24772 EVT powershell:BrShim Logs.cpp<330>:InitLogging(): Start process logging at level 0 for 'powershell.exe', 'BrShim.dll' build 4.4.33.1019 amd64
2026-10-04 17:20:17.545+03:00[02:41.300] P29384T24772     powershell:BrShim BrShim.cpp<218>:InstallAfterInitUnguarded(): BrShim 4.4.33.1019 loaded 33ms after process creation.
2026-10-04 17:20:17.545+03:00[02:41.301] P29384T24772     powershell:BrShim BrHookLoad.cpp<45>:LoadBrHook(): Loading: C:\Program Files\HP\Sure Click\servers\BrHook.dll
2026-10-04 17:20:17.545+03:00[02:41.308] P29384T24772 EVT powershell:BrHook Logs.cpp<330>:InitLogging(): Start process logging at level 0 for 'powershell.exe', 'BrHook.dll' build 4.4.33.1019 amd64
2026-10-04 17:20:17.545+03:00[02:41.308] P29384T24772 dbg powershell:BrHook settings.cpp<588>:GetActiveVersionWithPath(): - Found active version from CurrentVersion key 4.4.33.1019
2026-10-04 17:20:17.545+03:00[02:41.308] P29384T24772     powershell:BrHook BrHook.cpp<1884>:DllMain(): BrHook loaded 33ms after process creation.
2026-10-04 17:20:17.545+03:00[02:41.308] P29384T24772     powershell:BrHook BrHook.cpp<1897>:DllMain(): Attach completed in 0ms.
2026-10-04 17:20:17.545+03:00[02:41.308] P29384T24772     powershell:BrHook BrHook.cpp<1782>:InitHooks(): Not initializing hooks because Bromium/Untrusted is disabled
2026-10-04 17:20:17.561+03:00[02:41.312] P29384T19148 trc powershell:BrHook observer_thread.cpp<64>:RealThreadMain(): Registry Watcher Thread: 19148
2026-10-04 17:20:33.620+03:00[02:57.370] P06268T24828 EVT powershell:BrShim Logs.cpp<330>:InitLogging(): Start process logging at level 0 for 'powershell.exe', 'BrShim.dll' build 4.4.33.1019 amd64
2026-10-04 17:20:33.620+03:00[02:57.370] P06268T24828     powershell:BrShim BrShim.cpp<218>:InstallAfterInitUnguarded(): BrShim 4.4.33.1019 loaded 49ms after process creation.
2026-10-04 17:20:33.620+03:00[02:57.371] P06268T24828     powershell:BrShim BrHookLoad.cpp<45>:LoadBrHook(): Loading: C:\Program Files\HP\Sure Click\servers\BrHook.dll
2026-10-04 17:20:33.620+03:00[02:57.380] P06268T24828 EVT powershell:BrHook Logs.cpp<330>:InitLogging(): Start process logging at level 0 for 'powershell.exe', 'BrHook.dll' build 4.4.33.1019 amd64
2026-10-04 17:20:33.620+03:00[02:57.381] P06268T24828 dbg powershell:BrHook settings.cpp<588>:GetActiveVersionWithPath(): - Found active version from CurrentVersion key 4.4.33.1019
2026-10-04 17:20:33.620+03:00[02:57.381] P06268T24828     powershell:BrHook BrHook.cpp<1884>:DllMain(): BrHook loaded 51ms after process creation.
2026-10-04 17:20:33.620+03:00[02:57.381] P06268T24828     powershell:BrHook BrHook.cpp<1897>:DllMain(): Attach completed in 0ms.
2026-10-04 17:20:33.620+03:00[02:57.381] P06268T24828     powershell:BrHook BrHook.cpp<1782>:InitHooks(): Not initializing hooks because Bromium/Untrusted is disabled
2026-10-04 17:20:33.636+03:00[02:57.385] P06268T29352 trc powershell:BrHook observer_thread.cpp<64>:RealThreadMain(): Registry Watcher Thread: 29352
2026-10-04 17:29:29.178+03:00[11:52.928] P27016T27840 EVT powershell:BrShim Logs.cpp<330>:InitLogging(): Start process logging at level 0 for 'powershell.exe', 'BrShim.dll' build 4.4.33.1019 amd64
2026-10-04 17:29:29.178+03:00[11:52.929] P27016T27840     powershell:BrShim BrShim.cpp<218>:InstallAfterInitUnguarded(): BrShim 4.4.33.1019 loaded 33ms after process creation.
2026-10-04 17:29:29.178+03:00[11:52.929] P27016T27840     powershell:BrShim BrHookLoad.cpp<45>:LoadBrHook(): Loading: C:\Program Files\HP\Sure Click\servers\BrHook.dll
2026-10-04 17:29:29.178+03:00[11:52.936] P27016T27840 EVT powershell:BrHook Logs.cpp<330>:InitLogging(): Start process logging at level 0 for 'powershell.exe', 'BrHook.dll' build 4.4.33.1019 amd64
2026-10-04 17:29:29.178+03:00[11:52.937] P27016T27840 dbg powershell:BrHook settings.cpp<588>:GetActiveVersionWithPath(): - Found active version from CurrentVersion key 4.4.33.1019
2026-10-04 17:29:29.178+03:00[11:52.937] P27016T27840     powershell:BrHook BrHook.cpp<1884>:DllMain(): BrHook loaded 38ms after process creation.
2026-10-04 17:29:29.178+03:00[11:52.937] P27016T27840     powershell:BrHook BrHook.cpp<1897>:DllMain(): Attach completed in 0ms.
2026-10-04 17:29:29.178+03:00[11:52.937] P27016T27840     powershell:BrHook BrHook.cpp<1782>:InitHooks(): Not initializing hooks because Bromium/Untrusted is disabled
2026-10-04 17:29:29.178+03:00[11:52.940] P27016T24100 trc powershell:BrHook observer_thread.cpp<64>:RealThreadMain(): Registry Watcher Thread: 24100
2026-10-04 17:30:43.666+03:00[13:07.415] P21388T10020 EVT powershell:BrShim Logs.cpp<330>:InitLogging(): Start process logging at level 0 for 'powershell.exe', 'BrShim.dll' build 4.4.33.1019 amd64
2026-10-04 17:30:43.666+03:00[13:07.415] P21388T10020     powershell:BrShim BrShim.cpp<218>:InstallAfterInitUnguarded(): BrShim 4.4.33.1019 loaded 28ms after process creation.
2026-10-04 17:30:43.666+03:00[13:07.415] P21388T10020     powershell:BrShim BrHookLoad.cpp<45>:LoadBrHook(): Loading: C:\Program Files\HP\Sure Click\servers\BrHook.dll
2026-10-04 17:30:43.666+03:00[13:07.423] P21388T10020 EVT powershell:BrHook Logs.cpp<330>:InitLogging(): Start process logging at level 0 for 'powershell.exe', 'BrHook.dll' build 4.4.33.1019 amd64
2026-10-04 17:30:43.666+03:00[13:07.423] P21388T10020 dbg powershell:BrHook settings.cpp<588>:GetActiveVersionWithPath(): - Found active version from CurrentVersion key 4.4.33.1019
2026-10-04 17:30:43.666+03:00[13:07.423] P21388T10020     powershell:BrHook BrHook.cpp<1884>:DllMain(): BrHook loaded 44ms after process creation.
2026-10-04 17:30:43.666+03:00[13:07.423] P21388T10020     powershell:BrHook BrHook.cpp<1897>:DllMain(): Attach completed in 0ms.
2026-10-04 17:30:43.666+03:00[13:07.423] P21388T10020     powershell:BrHook BrHook.cpp<1782>:InitHooks(): Not initializing hooks because Bromium/Untrusted is disabled
2026-10-04 17:30:43.666+03:00[13:07.426] P21388T14460 trc powershell:BrHook observer_thread.cpp<64>:RealThreadMain(): Registry Watcher Thread: 14460
2026-10-04 17:42:13.253+03:00[24:37.011] P27576T28056 EVT powershell:BrShim Logs.cpp<330>:InitLogging(): Start process logging at level 0 for 'powershell.exe', 'BrShim.dll' build 4.4.33.1019 amd64
2026-10-04 17:42:13.253+03:00[24:37.011] P27576T28056     powershell:BrShim BrShim.cpp<218>:InstallAfterInitUnguarded(): BrShim 4.4.33.1019 loaded 36ms after process creation.
2026-10-04 17:42:13.264+03:00[24:37.012] P27576T28056     powershell:BrShim BrHookLoad.cpp<45>:LoadBrHook(): Loading: C:\Program Files\HP\Sure Click\servers\BrHook.dll
2026-10-04 17:42:13.271+03:00[24:37.020] P27576T28056 EVT powershell:BrHook Logs.cpp<330>:InitLogging(): Start process logging at level 0 for 'powershell.exe', 'BrHook.dll' build 4.4.33.1019 amd64
2026-10-04 17:42:13.271+03:00[24:37.021] P27576T28056 dbg powershell:BrHook settings.cpp<588>:GetActiveVersionWithPath(): - Found active version from CurrentVersion key 4.4.33.1019
2026-10-04 17:42:13.271+03:00[24:37.021] P27576T28056     powershell:BrHook BrHook.cpp<1884>:DllMain(): BrHook loaded 50ms after process creation.
2026-10-04 17:42:13.271+03:00[24:37.021] P27576T28056     powershell:BrHook BrHook.cpp<1897>:DllMain(): Attach completed in 0ms.
2026-10-04 17:42:13.271+03:00[24:37.021] P27576T28056     powershell:BrHook BrHook.cpp<1782>:InitHooks(): Not initializing hooks because Bromium/Untrusted is disabled
2026-10-04 17:42:13.276+03:00[24:37.024] P27576T24828 trc powershell:BrHook observer_thread.cpp<64>:RealThreadMain(): Registry Watcher Thread: 24828
2026-10-04 17:43:57.837+03:00[26:21.589] P29372T20368 EVT powershell:BrShim Logs.cpp<330>:InitLogging(): Start process logging at level 0 for 'powershell.exe', 'BrShim.dll' build 4.4.33.1019 amd64
2026-10-04 17:43:57.837+03:00[26:21.589] P29372T20368     powershell:BrShim BrShim.cpp<218>:InstallAfterInitUnguarded(): BrShim 4.4.33.1019 loaded 35ms after process creation.
2026-10-04 17:43:57.837+03:00[26:21.589] P29372T20368     powershell:BrShim BrHookLoad.cpp<45>:LoadBrHook(): Loading: C:\Program Files\HP\Sure Click\servers\BrHook.dll
2026-10-04 17:43:57.848+03:00[26:21.597] P29372T20368 EVT powershell:BrHook Logs.cpp<330>:InitLogging(): Start process logging at level 0 for 'powershell.exe', 'BrHook.dll' build 4.4.33.1019 amd64
2026-10-04 17:43:57.848+03:00[26:21.597] P29372T20368 dbg powershell:BrHook settings.cpp<588>:GetActiveVersionWithPath(): - Found active version from CurrentVersion key 4.4.33.1019
2026-10-04 17:43:57.848+03:00[26:21.597] P29372T20368     powershell:BrHook BrHook.cpp<1884>:DllMain(): BrHook loaded 41ms after process creation.
2026-10-04 17:43:57.848+03:00[26:21.597] P29372T20368     powershell:BrHook BrHook.cpp<1897>:DllMain(): Attach completed in 0ms.
2026-10-04 17:43:57.848+03:00[26:21.597] P29372T20368     powershell:BrHook BrHook.cpp<1782>:InitHooks(): Not initializing hooks because Bromium/Untrusted is disabled
2026-10-04 17:43:57.848+03:00[26:21.601] P29372T22816 trc powershell:BrHook observer_thread.cpp<64>:RealThreadMain(): Registry Watcher Thread: 22816
2026-10-04 17:50:34.410+03:00[32:58.158] P26936T14244 EVT powershell:BrShim Logs.cpp<330>:InitLogging(): Start process logging at level 0 for 'powershell.exe', 'BrShim.dll' build 4.4.33.1019 amd64
2026-10-04 17:50:34.410+03:00[32:58.159] P26936T14244     powershell:BrShim BrShim.cpp<218>:InstallAfterInitUnguarded(): BrShim 4.4.33.1019 loaded 39ms after process creation.
2026-10-04 17:50:34.410+03:00[32:58.159] P26936T14244     powershell:BrShim BrHookLoad.cpp<45>:LoadBrHook(): Loading: C:\Program Files\HP\Sure Click\servers\BrHook.dll
2026-10-04 17:50:34.420+03:00[32:58.168] P26936T14244 EVT powershell:BrHook Logs.cpp<330>:InitLogging(): Start process logging at level 0 for 'powershell.exe', 'BrHook.dll' build 4.4.33.1019 amd64
2026-10-04 17:50:34.420+03:00[32:58.168] P26936T14244 dbg powershell:BrHook settings.cpp<588>:GetActiveVersionWithPath(): - Found active version from CurrentVersion key 4.4.33.1019
2026-10-04 17:50:34.420+03:00[32:58.168] P26936T14244     powershell:BrHook BrHook.cpp<1884>:DllMain(): BrHook loaded 50ms after process creation.
2026-10-04 17:50:34.420+03:00[32:58.168] P26936T14244     powershell:BrHook BrHook.cpp<1897>:DllMain(): Attach completed in 0ms.
2026-10-04 17:50:34.420+03:00[32:58.168] P26936T14244     powershell:BrHook BrHook.cpp<1782>:InitHooks(): Not initializing hooks because Bromium/Untrusted is disabled
2026-10-04 17:50:34.424+03:00[32:58.172] P26936T28100 trc powershell:BrHook observer_thread.cpp<64>:RealThreadMain(): Registry Watcher Thread: 28100
2026-10-04 17:51:05.601+03:00[33:29.350] P28536T16092 EVT powershell:BrShim Logs.cpp<330>:InitLogging(): Start process logging at level 0 for 'powershell.exe', 'BrShim.dll' build 4.4.33.1019 amd64
2026-10-04 17:51:05.601+03:00[33:29.350] P28536T16092     powershell:BrShim BrShim.cpp<218>:InstallAfterInitUnguarded(): BrShim 4.4.33.1019 loaded 41ms after process creation.
2026-10-04 17:51:05.601+03:00[33:29.351] P28536T16092     powershell:BrShim BrHookLoad.cpp<45>:LoadBrHook(): Loading: C:\Program Files\HP\Sure Click\servers\BrHook.dll
2026-10-04 17:51:05.607+03:00[33:29.358] P28536T16092 EVT powershell:BrHook Logs.cpp<330>:InitLogging(): Start process logging at level 0 for 'powershell.exe', 'BrHook.dll' build 4.4.33.1019 amd64
2026-10-04 17:51:05.607+03:00[33:29.359] P28536T16092 dbg powershell:BrHook settings.cpp<588>:GetActiveVersionWithPath(): - Found active version from CurrentVersion key 4.4.33.1019
2026-10-04 17:51:05.607+03:00[33:29.359] P28536T16092     powershell:BrHook BrHook.cpp<1884>:DllMain(): BrHook loaded 50ms after process creation.
2026-10-04 17:51:05.607+03:00[33:29.359] P28536T16092     powershell:BrHook BrHook.cpp<1897>:DllMain(): Attach completed in 0ms.
2026-10-04 17:51:05.607+03:00[33:29.359] P28536T16092     powershell:BrHook BrHook.cpp<1782>:InitHooks(): Not initializing hooks because Bromium/Untrusted is disabled
2026-10-04 17:51:05.614+03:00[33:29.363] P28536T00980 trc powershell:BrHook observer_thread.cpp<64>:RealThreadMain(): Registry Watcher Thread: 980
2026-10-04 19:26:46.925+03:00[09:10.673] P07048T12892 EVT powershell:BrShim Logs.cpp<330>:InitLogging(): Start process logging at level 0 for 'powershell.exe', 'BrShim.dll' build 4.4.33.1019 amd64
2026-10-04 19:26:46.925+03:00[09:10.673] P07048T12892     powershell:BrShim BrShim.cpp<218>:InstallAfterInitUnguarded(): BrShim 4.4.33.1019 loaded 37ms after process creation.
2026-10-04 19:26:46.925+03:00[09:10.673] P07048T12892     powershell:BrShim BrHookLoad.cpp<45>:LoadBrHook(): Loading: C:\Program Files\HP\Sure Click\servers\BrHook.dll
2026-10-04 19:26:46.932+03:00[09:10.681] P07048T12892 EVT powershell:BrHook Logs.cpp<330>:InitLogging(): Start process logging at level 0 for 'powershell.exe', 'BrHook.dll' build 4.4.33.1019 amd64
2026-10-04 19:26:46.932+03:00[09:10.682] P07048T12892 dbg powershell:BrHook settings.cpp<588>:GetActiveVersionWithPath(): - Found active version from CurrentVersion key 4.4.33.1019
2026-10-04 19:26:46.934+03:00[09:10.682] P07048T12892     powershell:BrHook BrHook.cpp<1884>:DllMain(): BrHook loaded 44ms after process creation.
2026-10-04 19:26:46.934+03:00[09:10.682] P07048T12892     powershell:BrHook BrHook.cpp<1897>:DllMain(): Attach completed in 0ms.
2026-10-04 19:26:46.934+03:00[09:10.682] P07048T12892     powershell:BrHook BrHook.cpp<1782>:InitHooks(): Not initializing hooks because Bromium/Untrusted is disabled
2026-10-04 19:26:46.937+03:00[09:10.685] P07048T21588 trc powershell:BrHook observer_thread.cpp<64>:RealThreadMain(): Registry Watcher Thread: 21588
2026-10-04 19:27:18.256+03:00[09:42.005] P26020T29516 EVT powershell:BrShim Logs.cpp<330>:InitLogging(): Start process logging at level 0 for 'powershell.exe', 'BrShim.dll' build 4.4.33.1019 amd64
2026-10-04 19:27:18.256+03:00[09:42.005] P26020T29516     powershell:BrShim BrShim.cpp<218>:InstallAfterInitUnguarded(): BrShim 4.4.33.1019 loaded 46ms after process creation.
2026-10-04 19:27:18.256+03:00[09:42.005] P26020T29516     powershell:BrShim BrHookLoad.cpp<45>:LoadBrHook(): Loading: C:\Program Files\HP\Sure Click\servers\BrHook.dll
2026-10-04 19:27:18.262+03:00[09:42.014] P26020T29516 EVT powershell:BrHook Logs.cpp<330>:InitLogging(): Start process logging at level 0 for 'powershell.exe', 'BrHook.dll' build 4.4.33.1019 amd64
2026-10-04 19:27:18.262+03:00[09:42.015] P26020T29516 dbg powershell:BrHook settings.cpp<588>:GetActiveVersionWithPath(): - Found active version from CurrentVersion key 4.4.33.1019
2026-10-04 19:27:18.262+03:00[09:42.015] P26020T29516     powershell:BrHook BrHook.cpp<1884>:DllMain(): BrHook loaded 56ms after process creation.
2026-10-04 19:27:18.262+03:00[09:42.015] P26020T29516     powershell:BrHook BrHook.cpp<1897>:DllMain(): Attach completed in 0ms.
2026-10-04 19:27:18.262+03:00[09:42.015] P26020T29516     powershell:BrHook BrHook.cpp<1782>:InitHooks(): Not initializing hooks because Bromium/Untrusted is disabled
2026-10-04 19:27:18.268+03:00[09:42.018] P26020T13268 trc powershell:BrHook observer_thread.cpp<64>:RealThreadMain(): Registry Watcher Thread: 13268
2026-10-04 19:27:27.183+03:00[09:50.932] P09072T05588 EVT powershell:BrShim Logs.cpp<330>:InitLogging(): Start process logging at level 0 for 'powershell.exe', 'BrShim.dll' build 4.4.33.1019 amd64
2026-10-04 19:27:27.183+03:00[09:50.932] P09072T05588     powershell:BrShim BrShim.cpp<218>:InstallAfterInitUnguarded(): BrShim 4.4.33.1019 loaded 60ms after process creation.
2026-10-04 19:27:27.183+03:00[09:50.932] P09072T05588     powershell:BrShim BrHookLoad.cpp<45>:LoadBrHook(): Loading: C:\Program Files\HP\Sure Click\servers\BrHook.dll
2026-10-04 19:27:27.188+03:00[09:50.940] P09072T05588 EVT powershell:BrHook Logs.cpp<330>:InitLogging(): Start process logging at level 0 for 'powershell.exe', 'BrHook.dll' build 4.4.33.1019 amd64
2026-10-04 19:27:27.188+03:00[09:50.941] P09072T05588 dbg powershell:BrHook settings.cpp<588>:GetActiveVersionWithPath(): - Found active version from CurrentVersion key 4.4.33.1019
2026-10-04 19:27:27.188+03:00[09:50.941] P09072T05588     powershell:BrHook BrHook.cpp<1884>:DllMain(): BrHook loaded 68ms after process creation.
2026-10-04 19:27:27.188+03:00[09:50.941] P09072T05588     powershell:BrHook BrHook.cpp<1897>:DllMain(): Attach completed in 0ms.
2026-10-04 19:27:27.188+03:00[09:50.941] P09072T05588     powershell:BrHook BrHook.cpp<1782>:InitHooks(): Not initializing hooks because Bromium/Untrusted is disabled
2026-10-04 19:27:27.188+03:00[09:50.944] P09072T20428 trc powershell:BrHook observer_thread.cpp<64>:RealThreadMain(): Registry Watcher Thread: 20428
2026-10-04 19:32:15.772+03:00[14:39.520] P18288T03968 EVT powershell:BrShim Logs.cpp<330>:InitLogging(): Start process logging at level 0 for 'powershell.exe', 'BrShim.dll' build 4.4.33.1019 amd64
2026-10-04 19:32:15.772+03:00[14:39.520] P18288T03968     powershell:BrShim BrShim.cpp<218>:InstallAfterInitUnguarded(): BrShim 4.4.33.1019 loaded 53ms after process creation.
2026-10-04 19:32:15.772+03:00[14:39.520] P18288T03968     powershell:BrShim BrHookLoad.cpp<45>:LoadBrHook(): Loading: C:\Program Files\HP\Sure Click\servers\BrHook.dll
2026-10-04 19:32:15.776+03:00[14:39.528] P18288T03968 EVT powershell:BrHook Logs.cpp<330>:InitLogging(): Start process logging at level 0 for 'powershell.exe', 'BrHook.dll' build 4.4.33.1019 amd64
2026-10-04 19:32:15.776+03:00[14:39.528] P18288T03968 dbg powershell:BrHook settings.cpp<588>:GetActiveVersionWithPath(): - Found active version from CurrentVersion key 4.4.33.1019
2026-10-04 19:32:15.776+03:00[14:39.528] P18288T03968     powershell:BrHook BrHook.cpp<1884>:DllMain(): BrHook loaded 63ms after process creation.
2026-10-04 19:32:15.776+03:00[14:39.528] P18288T03968     powershell:BrHook BrHook.cpp<1897>:DllMain(): Attach completed in 0ms.
2026-10-04 19:32:15.776+03:00[14:39.529] P18288T03968     powershell:BrHook BrHook.cpp<1782>:InitHooks(): Not initializing hooks because Bromium/Untrusted is disabled
2026-10-04 19:32:15.776+03:00[14:39.532] P18288T10236 trc powershell:BrHook observer_thread.cpp<64>:RealThreadMain(): Registry Watcher Thread: 10236
2026-10-04 19:33:09.171+03:00[15:32.934] P21256T29528 EVT powershell:BrShim Logs.cpp<330>:InitLogging(): Start process logging at level 0 for 'powershell.exe', 'BrShim.dll' build 4.4.33.1019 amd64
2026-10-04 19:33:09.171+03:00[15:32.934] P21256T29528     powershell:BrShim BrShim.cpp<218>:InstallAfterInitUnguarded(): BrShim 4.4.33.1019 loaded 26ms after process creation.
2026-10-04 19:33:09.171+03:00[15:32.935] P21256T29528     powershell:BrShim BrHookLoad.cpp<45>:LoadBrHook(): Loading: C:\Program Files\HP\Sure Click\servers\BrHook.dll
2026-10-04 19:33:09.191+03:00[15:32.943] P21256T29528 EVT powershell:BrHook Logs.cpp<330>:InitLogging(): Start process logging at level 0 for 'powershell.exe', 'BrHook.dll' build 4.4.33.1019 amd64
2026-10-04 19:33:09.191+03:00[15:32.943] P21256T29528 dbg powershell:BrHook settings.cpp<588>:GetActiveVersionWithPath(): - Found active version from CurrentVersion key 4.4.33.1019
2026-10-04 19:33:09.191+03:00[15:32.943] P21256T29528     powershell:BrHook BrHook.cpp<1884>:DllMain(): BrHook loaded 46ms after process creation.
2026-10-04 19:33:09.191+03:00[15:32.943] P21256T29528     powershell:BrHook BrHook.cpp<1897>:DllMain(): Attach completed in 0ms.
2026-10-04 19:33:09.191+03:00[15:32.943] P21256T29528     powershell:BrHook BrHook.cpp<1782>:InitHooks(): Not initializing hooks because Bromium/Untrusted is disabled
2026-10-04 19:33:09.198+03:00[15:32.947] P21256T03656 trc powershell:BrHook observer_thread.cpp<64>:RealThreadMain(): Registry Watcher Thread: 3656
2026-10-04 19:33:43.394+03:00[16:07.155] P27480T15576 EVT powershell:BrShim Logs.cpp<330>:InitLogging(): Start process logging at level 0 for 'powershell.exe', 'BrShim.dll' build 4.4.33.1019 amd64
2026-10-04 19:33:43.394+03:00[16:07.155] P27480T15576     powershell:BrShim BrShim.cpp<218>:InstallAfterInitUnguarded(): BrShim 4.4.33.1019 loaded 43ms after process creation.
2026-10-04 19:33:43.394+03:00[16:07.156] P27480T15576     powershell:BrShim BrHookLoad.cpp<45>:LoadBrHook(): Loading: C:\Program Files\HP\Sure Click\servers\BrHook.dll
2026-10-04 19:33:43.409+03:00[16:07.163] P27480T15576 EVT powershell:BrHook Logs.cpp<330>:InitLogging(): Start process logging at level 0 for 'powershell.exe', 'BrHook.dll' build 4.4.33.1019 amd64
2026-10-04 19:33:43.409+03:00[16:07.163] P27480T15576 dbg powershell:BrHook settings.cpp<588>:GetActiveVersionWithPath(): - Found active version from CurrentVersion key 4.4.33.1019
2026-10-04 19:33:43.409+03:00[16:07.163] P27480T15576     powershell:BrHook BrHook.cpp<1884>:DllMain(): BrHook loaded 59ms after process creation.
2026-10-04 19:33:43.409+03:00[16:07.163] P27480T15576     powershell:BrHook BrHook.cpp<1897>:DllMain(): Attach completed in 0ms.
2026-10-04 19:33:43.409+03:00[16:07.163] P27480T15576     powershell:BrHook BrHook.cpp<1782>:InitHooks(): Not initializing hooks because Bromium/Untrusted is disabled
2026-10-04 19:33:43.409+03:00[16:07.167] P27480T27344 trc powershell:BrHook observer_thread.cpp<64>:RealThreadMain(): Registry Watcher Thread: 27344
2026-10-04 19:35:04.082+03:00[17:27.831] P15264T15472 EVT powershell:BrShim Logs.cpp<330>:InitLogging(): Start process logging at level 0 for 'powershell.exe', 'BrShim.dll' build 4.4.33.1019 amd64
2026-10-04 19:35:04.082+03:00[17:27.831] P15264T15472     powershell:BrShim BrShim.cpp<218>:InstallAfterInitUnguarded(): BrShim 4.4.33.1019 loaded 42ms after process creation.
2026-10-04 19:35:04.082+03:00[17:27.831] P15264T15472     powershell:BrShim BrHookLoad.cpp<45>:LoadBrHook(): Loading: C:\Program Files\HP\Sure Click\servers\BrHook.dll
2026-10-04 19:35:04.090+03:00[17:27.839] P15264T15472 EVT powershell:BrHook Logs.cpp<330>:InitLogging(): Start process logging at level 0 for 'powershell.exe', 'BrHook.dll' build 4.4.33.1019 amd64
2026-10-04 19:35:04.090+03:00[17:27.840] P15264T15472 dbg powershell:BrHook settings.cpp<588>:GetActiveVersionWithPath(): - Found active version from CurrentVersion key 4.4.33.1019
2026-10-04 19:35:04.090+03:00[17:27.840] P15264T15472     powershell:BrHook BrHook.cpp<1884>:DllMain(): BrHook loaded 48ms after process creation.
2026-10-04 19:35:04.090+03:00[17:27.840] P15264T15472     powershell:BrHook BrHook.cpp<1897>:DllMain(): Attach completed in 0ms.
2026-10-04 19:35:04.092+03:00[17:27.840] P15264T15472     powershell:BrHook BrHook.cpp<1782>:InitHooks(): Not initializing hooks because Bromium/Untrusted is disabled
2026-10-04 19:35:04.095+03:00[17:27.843] P15264T24624 trc powershell:BrHook observer_thread.cpp<64>:RealThreadMain(): Registry Watcher Thread: 24624
2026-10-04 19:47:32.314+03:00[29:56.062] P20412T04716 EVT powershell:BrShim Logs.cpp<330>:InitLogging(): Start process logging at level 0 for 'powershell.exe', 'BrShim.dll' build 4.4.33.1019 amd64
2026-10-04 19:47:32.314+03:00[29:56.063] P20412T04716     powershell:BrShim BrShim.cpp<218>:InstallAfterInitUnguarded(): BrShim 4.4.33.1019 loaded 36ms after process creation.
2026-10-04 19:47:32.314+03:00[29:56.063] P20412T04716     powershell:BrShim BrHookLoad.cpp<45>:LoadBrHook(): Loading: C:\Program Files\HP\Sure Click\servers\BrHook.dll
2026-10-04 19:47:32.322+03:00[29:56.070] P20412T04716 EVT powershell:BrHook Logs.cpp<330>:InitLogging(): Start process logging at level 0 for 'powershell.exe', 'BrHook.dll' build 4.4.33.1019 amd64
2026-10-04 19:47:32.322+03:00[29:56.070] P20412T04716 dbg powershell:BrHook settings.cpp<588>:GetActiveVersionWithPath(): - Found active version from CurrentVersion key 4.4.33.1019
2026-10-04 19:47:32.322+03:00[29:56.071] P20412T04716     powershell:BrHook BrHook.cpp<1884>:DllMain(): BrHook loaded 46ms after process creation.
2026-10-04 19:47:32.322+03:00[29:56.071] P20412T04716     powershell:BrHook BrHook.cpp<1897>:DllMain(): Attach completed in 0ms.
2026-10-04 19:47:32.322+03:00[29:56.071] P20412T04716     powershell:BrHook BrHook.cpp<1782>:InitHooks(): Not initializing hooks because Bromium/Untrusted is disabled
2026-10-04 19:47:32.323+03:00[29:56.075] P20412T20212 trc powershell:BrHook observer_thread.cpp<64>:RealThreadMain(): Registry Watcher Thread: 20212
2026-10-04 19:47:33.342+03:00[29:57.090] P27288T10040 EVT powershell:BrShim Logs.cpp<330>:InitLogging(): Start process logging at level 0 for 'powershell.exe', 'BrShim.dll' build 4.4.33.1019 amd64
2026-10-04 19:47:33.342+03:00[29:57.090] P27288T10040     powershell:BrShim BrShim.cpp<218>:InstallAfterInitUnguarded(): BrShim 4.4.33.1019 loaded 24ms after process creation.
2026-10-04 19:47:33.342+03:00[29:57.091] P27288T10040     powershell:BrShim BrHookLoad.cpp<45>:LoadBrHook(): Loading: C:\Program Files\HP\Sure Click\servers\BrHook.dll
2026-10-04 19:47:33.350+03:00[29:57.098] P27288T10040 EVT powershell:BrHook Logs.cpp<330>:InitLogging(): Start process logging at level 0 for 'powershell.exe', 'BrHook.dll' build 4.4.33.1019 amd64
2026-10-04 19:47:33.350+03:00[29:57.099] P27288T10040 dbg powershell:BrHook settings.cpp<588>:GetActiveVersionWithPath(): - Found active version from CurrentVersion key 4.4.33.1019
2026-10-04 19:47:33.350+03:00[29:57.099] P27288T10040     powershell:BrHook BrHook.cpp<1884>:DllMain(): BrHook loaded 46ms after process creation.
2026-10-04 19:47:33.350+03:00[29:57.099] P27288T10040     powershell:BrHook BrHook.cpp<1897>:DllMain(): Attach completed in 0ms.
2026-10-04 19:47:33.350+03:00[29:57.099] P27288T10040     powershell:BrHook BrHook.cpp<1782>:InitHooks(): Not initializing hooks because Bromium/Untrusted is disabled
2026-10-04 19:47:33.350+03:00[29:57.102] P27288T27704 trc powershell:BrHook observer_thread.cpp<64>:RealThreadMain(): Registry Watcher Thread: 27704
2026-10-04 19:47:51.150+03:00[30:14.911] P19688T20292 EVT powershell:BrShim Logs.cpp<330>:InitLogging(): Start process logging at level 0 for 'powershell.exe', 'BrShim.dll' build 4.4.33.1019 amd64
2026-10-04 19:47:51.150+03:00[30:14.912] P19688T20292     powershell:BrShim BrShim.cpp<218>:InstallAfterInitUnguarded(): BrShim 4.4.33.1019 loaded 29ms after process creation.
2026-10-04 19:47:51.150+03:00[30:14.912] P19688T20292     powershell:BrShim BrHookLoad.cpp<45>:LoadBrHook(): Loading: C:\Program Files\HP\Sure Click\servers\BrHook.dll
2026-10-04 19:47:51.167+03:00[30:14.920] P19688T20292 EVT powershell:BrHook Logs.cpp<330>:InitLogging(): Start process logging at level 0 for 'powershell.exe', 'BrHook.dll' build 4.4.33.1019 amd64
2026-10-04 19:47:51.167+03:00[30:14.920] P19688T20292 dbg powershell:BrHook settings.cpp<588>:GetActiveVersionWithPath(): - Found active version from CurrentVersion key 4.4.33.1019
2026-10-04 19:47:51.167+03:00[30:14.920] P19688T20292     powershell:BrHook BrHook.cpp<1884>:DllMain(): BrHook loaded 46ms after process creation.
2026-10-04 19:47:51.167+03:00[30:14.920] P19688T20292     powershell:BrHook BrHook.cpp<1897>:DllMain(): Attach completed in 0ms.
2026-10-04 19:47:51.167+03:00[30:14.921] P19688T20292     powershell:BrHook BrHook.cpp<1782>:InitHooks(): Not initializing hooks because Bromium/Untrusted is disabled
2026-10-04 19:47:51.175+03:00[30:14.924] P19688T26608 trc powershell:BrHook observer_thread.cpp<64>:RealThreadMain(): Registry Watcher Thread: 26608
2026-10-04 19:48:28.305+03:00[30:52.062] P05360T19032 EVT powershell:BrShim Logs.cpp<330>:InitLogging(): Start process logging at level 0 for 'powershell.exe', 'BrShim.dll' build 4.4.33.1019 amd64
2026-10-04 19:48:28.305+03:00[30:52.062] P05360T19032     powershell:BrShim BrShim.cpp<218>:InstallAfterInitUnguarded(): BrShim 4.4.33.1019 loaded 47ms after process creation.
2026-10-04 19:48:28.305+03:00[30:52.062] P05360T19032     powershell:BrShim BrHookLoad.cpp<45>:LoadBrHook(): Loading: C:\Program Files\HP\Sure Click\servers\BrHook.dll
2026-10-04 19:48:28.321+03:00[30:52.070] P05360T19032 EVT powershell:BrHook Logs.cpp<330>:InitLogging(): Start process logging at level 0 for 'powershell.exe', 'BrHook.dll' build 4.4.33.1019 amd64
2026-10-04 19:48:28.321+03:00[30:52.070] P05360T19032 dbg powershell:BrHook settings.cpp<588>:GetActiveVersionWithPath(): - Found active version from CurrentVersion key 4.4.33.1019
2026-10-04 19:48:28.321+03:00[30:52.070] P05360T19032     powershell:BrHook BrHook.cpp<1884>:DllMain(): BrHook loaded 47ms after process creation.
2026-10-04 19:48:28.321+03:00[30:52.070] P05360T19032     powershell:BrHook BrHook.cpp<1897>:DllMain(): Attach completed in 16ms.
2026-10-04 19:48:28.321+03:00[30:52.070] P05360T19032     powershell:BrHook BrHook.cpp<1782>:InitHooks(): Not initializing hooks because Bromium/Untrusted is disabled
2026-10-04 19:48:28.321+03:00[30:52.074] P05360T25572 trc powershell:BrHook observer_thread.cpp<64>:RealThreadMain(): Registry Watcher Thread: 25572
2026-10-04 19:52:33.485+03:00[34:57.234] P08860T21672 EVT powershell:BrShim Logs.cpp<330>:InitLogging(): Start process logging at level 0 for 'powershell.exe', 'BrShim.dll' build 4.4.33.1019 amd64
2026-10-04 19:52:33.487+03:00[34:57.235] P08860T21672     powershell:BrShim BrShim.cpp<218>:InstallAfterInitUnguarded(): BrShim 4.4.33.1019 loaded 38ms after process creation.
2026-10-04 19:52:33.487+03:00[34:57.235] P08860T21672     powershell:BrShim BrHookLoad.cpp<45>:LoadBrHook(): Loading: C:\Program Files\HP\Sure Click\servers\BrHook.dll
2026-10-04 19:52:33.494+03:00[34:57.243] P08860T21672 EVT powershell:BrHook Logs.cpp<330>:InitLogging(): Start process logging at level 0 for 'powershell.exe', 'BrHook.dll' build 4.4.33.1019 amd64
2026-10-04 19:52:33.494+03:00[34:57.243] P08860T21672 dbg powershell:BrHook settings.cpp<588>:GetActiveVersionWithPath(): - Found active version from CurrentVersion key 4.4.33.1019
2026-10-04 19:52:33.494+03:00[34:57.243] P08860T21672     powershell:BrHook BrHook.cpp<1884>:DllMain(): BrHook loaded 47ms after process creation.
2026-10-04 19:52:33.494+03:00[34:57.243] P08860T21672     powershell:BrHook BrHook.cpp<1897>:DllMain(): Attach completed in 0ms.
2026-10-04 19:52:33.494+03:00[34:57.243] P08860T21672     powershell:BrHook BrHook.cpp<1782>:InitHooks(): Not initializing hooks because Bromium/Untrusted is disabled
2026-10-04 19:52:33.496+03:00[34:57.247] P08860T29160 trc powershell:BrHook observer_thread.cpp<64>:RealThreadMain(): Registry Watcher Thread: 29160
2026-10-04 19:52:53.042+03:00[35:16.805] P02160T02036 EVT powershell:BrShim Logs.cpp<330>:InitLogging(): Start process logging at level 0 for 'powershell.exe', 'BrShim.dll' build 4.4.33.1019 amd64
2026-10-04 19:52:53.042+03:00[35:16.805] P02160T02036     powershell:BrShim BrShim.cpp<218>:InstallAfterInitUnguarded(): BrShim 4.4.33.1019 loaded 29ms after process creation.
2026-10-04 19:52:53.042+03:00[35:16.805] P02160T02036     powershell:BrShim BrHookLoad.cpp<45>:LoadBrHook(): Loading: C:\Program Files\HP\Sure Click\servers\BrHook.dll
2026-10-04 19:52:53.064+03:00[35:16.813] P02160T02036 EVT powershell:BrHook Logs.cpp<330>:InitLogging(): Start process logging at level 0 for 'powershell.exe', 'BrHook.dll' build 4.4.33.1019 amd64
2026-10-04 19:52:53.064+03:00[35:16.813] P02160T02036 dbg powershell:BrHook settings.cpp<588>:GetActiveVersionWithPath(): - Found active version from CurrentVersion key 4.4.33.1019
2026-10-04 19:52:53.064+03:00[35:16.813] P02160T02036     powershell:BrHook BrHook.cpp<1884>:DllMain(): BrHook loaded 50ms after process creation.
2026-10-04 19:52:53.064+03:00[35:16.813] P02160T02036     powershell:BrHook BrHook.cpp<1897>:DllMain(): Attach completed in 0ms.
2026-10-04 19:52:53.064+03:00[35:16.814] P02160T02036     powershell:BrHook BrHook.cpp<1782>:InitHooks(): Not initializing hooks because Bromium/Untrusted is disabled
2026-10-04 19:52:53.066+03:00[35:16.817] P02160T30320 trc powershell:BrHook observer_thread.cpp<64>:RealThreadMain(): Registry Watcher Thread: 30320
2026-10-05 13:16:39.685+03:00[59:11.012] P25844T10484 EVT powershell:BrShim Logs.cpp<330>:InitLogging(): Start process logging at level 0 for 'powershell.exe', 'BrShim.dll' build 4.4.33.1019 amd64
2026-10-05 13:16:39.685+03:00[59:11.013] P25844T10484     powershell:BrShim BrShim.cpp<218>:InstallAfterInitUnguarded(): BrShim 4.4.33.1019 loaded 26ms after process creation.
2026-10-05 13:16:39.687+03:00[59:11.013] P25844T10484     powershell:BrShim BrHookLoad.cpp<45>:LoadBrHook(): Loading: C:\Program Files\HP\Sure Click\servers\BrHook.dll
2026-10-05 13:16:39.693+03:00[59:11.020] P25844T10484 EVT powershell:BrHook Logs.cpp<330>:InitLogging(): Start process logging at level 0 for 'powershell.exe', 'BrHook.dll' build 4.4.33.1019 amd64
2026-10-05 13:16:39.693+03:00[59:11.020] P25844T10484 dbg powershell:BrHook settings.cpp<588>:GetActiveVersionWithPath(): - Found active version from CurrentVersion key 4.4.33.1019
2026-10-05 13:16:39.693+03:00[59:11.020] P25844T10484     powershell:BrHook BrHook.cpp<1884>:DllMain(): BrHook loaded 37ms after process creation.
2026-10-05 13:16:39.693+03:00[59:11.020] P25844T10484     powershell:BrHook BrHook.cpp<1897>:DllMain(): Attach completed in 0ms.
2026-10-05 13:16:39.693+03:00[59:11.020] P25844T10484     powershell:BrHook BrHook.cpp<1782>:InitHooks(): Not initializing hooks because Bromium/Untrusted is disabled
2026-10-05 13:16:39.697+03:00[59:11.023] P25844T21016 trc powershell:BrHook observer_thread.cpp<64>:RealThreadMain(): Registry Watcher Thread: 21016
2026-10-05 13:17:06.615+03:00[59:37.941] P21196T00412 EVT powershell:BrShim Logs.cpp<330>:InitLogging(): Start process logging at level 0 for 'powershell.exe', 'BrShim.dll' build 4.4.33.1019 amd64
2026-10-05 13:17:06.615+03:00[59:37.941] P21196T00412     powershell:BrShim BrShim.cpp<218>:InstallAfterInitUnguarded(): BrShim 4.4.33.1019 loaded 24ms after process creation.
2026-10-05 13:17:06.615+03:00[59:37.941] P21196T00412     powershell:BrShim BrHookLoad.cpp<45>:LoadBrHook(): Loading: C:\Program Files\HP\Sure Click\servers\BrHook.dll
2026-10-05 13:17:06.617+03:00[59:37.948] P21196T00412 EVT powershell:BrHook Logs.cpp<330>:InitLogging(): Start process logging at level 0 for 'powershell.exe', 'BrHook.dll' build 4.4.33.1019 amd64
2026-10-05 13:17:06.617+03:00[59:37.949] P21196T00412 dbg powershell:BrHook settings.cpp<588>:GetActiveVersionWithPath(): - Found active version from CurrentVersion key 4.4.33.1019
2026-10-05 13:17:06.617+03:00[59:37.949] P21196T00412     powershell:BrHook BrHook.cpp<1884>:DllMain(): BrHook loaded 40ms after process creation.
2026-10-05 13:17:06.617+03:00[59:37.949] P21196T00412     powershell:BrHook BrHook.cpp<1897>:DllMain(): Attach completed in 0ms.
2026-10-05 13:17:06.617+03:00[59:37.949] P21196T00412     powershell:BrHook BrHook.cpp<1782>:InitHooks(): Not initializing hooks because Bromium/Untrusted is disabled
2026-10-05 13:17:06.617+03:00[59:37.951] P21196T25820 trc powershell:BrHook observer_thread.cpp<64>:RealThreadMain(): Registry Watcher Thread: 25820
2026-10-05 13:17:53.372+03:00[00:24.699] P24172T23356 EVT powershell:BrShim Logs.cpp<330>:InitLogging(): Start process logging at level 0 for 'powershell.exe', 'BrShim.dll' build 4.4.33.1019 amd64
2026-10-05 13:17:53.372+03:00[00:24.699] P24172T23356     powershell:BrShim BrShim.cpp<218>:InstallAfterInitUnguarded(): BrShim 4.4.33.1019 loaded 69ms after process creation.
2026-10-05 13:17:53.374+03:00[00:24.700] P24172T23356     powershell:BrShim BrHookLoad.cpp<45>:LoadBrHook(): Loading: C:\Program Files\HP\Sure Click\servers\BrHook.dll
2026-10-05 13:17:53.384+03:00[00:24.710] P24172T23356 EVT powershell:BrHook Logs.cpp<330>:InitLogging(): Start process logging at level 0 for 'powershell.exe', 'BrHook.dll' build 4.4.33.1019 amd64
2026-10-05 13:17:53.384+03:00[00:24.710] P24172T23356 dbg powershell:BrHook settings.cpp<588>:GetActiveVersionWithPath(): - Found active version from CurrentVersion key 4.4.33.1019
2026-10-05 13:17:53.384+03:00[00:24.710] P24172T23356     powershell:BrHook BrHook.cpp<1884>:DllMain(): BrHook loaded 79ms after process creation.
2026-10-05 13:17:53.384+03:00[00:24.710] P24172T23356     powershell:BrHook BrHook.cpp<1897>:DllMain(): Attach completed in 15ms.
2026-10-05 13:17:53.384+03:00[00:24.710] P24172T23356     powershell:BrHook BrHook.cpp<1782>:InitHooks(): Not initializing hooks because Bromium/Untrusted is disabled
2026-10-05 13:17:53.390+03:00[00:24.717] P24172T15784 trc powershell:BrHook observer_thread.cpp<64>:RealThreadMain(): Registry Watcher Thread: 15784
2026-10-05 13:18:21.527+03:00[00:52.855] P04832T16804 EVT powershell:BrShim Logs.cpp<330>:InitLogging(): Start process logging at level 0 for 'powershell.exe', 'BrShim.dll' build 4.4.33.1019 amd64
2026-10-05 13:18:21.527+03:00[00:52.855] P04832T16804     powershell:BrShim BrShim.cpp<218>:InstallAfterInitUnguarded(): BrShim 4.4.33.1019 loaded 75ms after process creation.
2026-10-05 13:18:21.527+03:00[00:52.855] P04832T16804     powershell:BrShim BrHookLoad.cpp<45>:LoadBrHook(): Loading: C:\Program Files\HP\Sure Click\servers\BrHook.dll
2026-10-05 13:18:21.535+03:00[00:52.865] P04832T16804 EVT powershell:BrHook Logs.cpp<330>:InitLogging(): Start process logging at level 0 for 'powershell.exe', 'BrHook.dll' build 4.4.33.1019 amd64
2026-10-05 13:18:21.535+03:00[00:52.866] P04832T16804 dbg powershell:BrHook settings.cpp<588>:GetActiveVersionWithPath(): - Found active version from CurrentVersion key 4.4.33.1019
2026-10-05 13:18:21.535+03:00[00:52.866] P04832T16804     powershell:BrHook BrHook.cpp<1884>:DllMain(): BrHook loaded 86ms after process creation.
2026-10-05 13:18:21.540+03:00[00:52.866] P04832T16804     powershell:BrHook BrHook.cpp<1897>:DllMain(): Attach completed in 16ms.
2026-10-05 13:18:21.540+03:00[00:52.866] P04832T16804     powershell:BrHook BrHook.cpp<1782>:InitHooks(): Not initializing hooks because Bromium/Untrusted is disabled
2026-10-05 13:18:21.544+03:00[00:52.871] P04832T28056 trc powershell:BrHook observer_thread.cpp<64>:RealThreadMain(): Registry Watcher Thread: 28056
2026-10-05 13:49:20.599+03:00[31:51.928] P28936T00688 EVT powershell:BrShim Logs.cpp<330>:InitLogging(): Start process logging at level 0 for 'powershell.exe', 'BrShim.dll' build 4.4.33.1019 amd64
2026-10-05 13:49:20.599+03:00[31:51.928] P28936T00688     powershell:BrShim BrShim.cpp<218>:InstallAfterInitUnguarded(): BrShim 4.4.33.1019 loaded 33ms after process creation.
2026-10-05 13:49:20.599+03:00[31:51.928] P28936T00688     powershell:BrShim BrHookLoad.cpp<45>:LoadBrHook(): Loading: C:\Program Files\HP\Sure Click\servers\BrHook.dll
2026-10-05 13:49:20.611+03:00[31:51.938] P28936T00688 EVT powershell:BrHook Logs.cpp<330>:InitLogging(): Start process logging at level 0 for 'powershell.exe', 'BrHook.dll' build 4.4.33.1019 amd64
2026-10-05 13:49:20.611+03:00[31:51.938] P28936T00688 dbg powershell:BrHook settings.cpp<588>:GetActiveVersionWithPath(): - Found active version from CurrentVersion key 4.4.33.1019
2026-10-05 13:49:20.611+03:00[31:51.938] P28936T00688     powershell:BrHook BrHook.cpp<1884>:DllMain(): BrHook loaded 59ms after process creation.
2026-10-05 13:49:20.611+03:00[31:51.938] P28936T00688     powershell:BrHook BrHook.cpp<1897>:DllMain(): Attach completed in 0ms.
2026-10-05 13:49:20.611+03:00[31:51.938] P28936T00688     powershell:BrHook BrHook.cpp<1782>:InitHooks(): Not initializing hooks because Bromium/Untrusted is disabled
2026-10-05 13:49:20.615+03:00[31:51.942] P28936T30336 trc powershell:BrHook observer_thread.cpp<64>:RealThreadMain(): Registry Watcher Thread: 30336
2026-10-05 13:49:28.052+03:00[31:59.378] P29816T18036 EVT powershell:BrShim Logs.cpp<330>:InitLogging(): Start process logging at level 0 for 'powershell.exe', 'BrShim.dll' build 4.4.33.1019 amd64
2026-10-05 13:49:28.052+03:00[31:59.378] P29816T18036     powershell:BrShim BrShim.cpp<218>:InstallAfterInitUnguarded(): BrShim 4.4.33.1019 loaded 27ms after process creation.
2026-10-05 13:49:28.052+03:00[31:59.379] P29816T18036     powershell:BrShim BrHookLoad.cpp<45>:LoadBrHook(): Loading: C:\Program Files\HP\Sure Click\servers\BrHook.dll
2026-10-05 13:49:28.058+03:00[31:59.388] P29816T18036 EVT powershell:BrHook Logs.cpp<330>:InitLogging(): Start process logging at level 0 for 'powershell.exe', 'BrHook.dll' build 4.4.33.1019 amd64
2026-10-05 13:49:28.058+03:00[31:59.389] P29816T18036 dbg powershell:BrHook settings.cpp<588>:GetActiveVersionWithPath(): - Found active version from CurrentVersion key 4.4.33.1019
2026-10-05 13:49:28.058+03:00[31:59.389] P29816T18036     powershell:BrHook BrHook.cpp<1884>:DllMain(): BrHook loaded 51ms after process creation.
2026-10-05 13:49:28.058+03:00[31:59.389] P29816T18036     powershell:BrHook BrHook.cpp<1897>:DllMain(): Attach completed in 0ms.
2026-10-05 13:49:28.058+03:00[31:59.389] P29816T18036     powershell:BrHook BrHook.cpp<1782>:InitHooks(): Not initializing hooks because Bromium/Untrusted is disabled
2026-10-05 13:49:28.066+03:00[31:59.393] P29816T28024 trc powershell:BrHook observer_thread.cpp<64>:RealThreadMain(): Registry Watcher Thread: 28024
2026-10-05 13:49:59.453+03:00[32:30.779] P22068T20840 EVT powershell:BrShim Logs.cpp<330>:InitLogging(): Start process logging at level 0 for 'powershell.exe', 'BrShim.dll' build 4.4.33.1019 amd64
2026-10-05 13:49:59.453+03:00[32:30.779] P22068T20840     powershell:BrShim BrShim.cpp<218>:InstallAfterInitUnguarded(): BrShim 4.4.33.1019 loaded 32ms after process creation.
2026-10-05 13:49:59.453+03:00[32:30.779] P22068T20840     powershell:BrShim BrHookLoad.cpp<45>:LoadBrHook(): Loading: C:\Program Files\HP\Sure Click\servers\BrHook.dll
2026-10-05 13:49:59.462+03:00[32:30.789] P22068T20840 EVT powershell:BrHook Logs.cpp<330>:InitLogging(): Start process logging at level 0 for 'powershell.exe', 'BrHook.dll' build 4.4.33.1019 amd64
2026-10-05 13:49:59.462+03:00[32:30.789] P22068T20840 dbg powershell:BrHook settings.cpp<588>:GetActiveVersionWithPath(): - Found active version from CurrentVersion key 4.4.33.1019
2026-10-05 13:49:59.462+03:00[32:30.789] P22068T20840     powershell:BrHook BrHook.cpp<1884>:DllMain(): BrHook loaded 49ms after process creation.
2026-10-05 13:49:59.462+03:00[32:30.789] P22068T20840     powershell:BrHook BrHook.cpp<1897>:DllMain(): Attach completed in 15ms.
2026-10-05 13:49:59.464+03:00[32:30.789] P22068T20840     powershell:BrHook BrHook.cpp<1782>:InitHooks(): Not initializing hooks because Bromium/Untrusted is disabled
2026-10-05 13:49:59.464+03:00[32:30.793] P22068T29456 trc powershell:BrHook observer_thread.cpp<64>:RealThreadMain(): Registry Watcher Thread: 29456
2026-10-05 14:00:11.679+03:00[42:43.005] P25516T28404 EVT powershell:BrShim Logs.cpp<330>:InitLogging(): Start process logging at level 0 for 'powershell.exe', 'BrShim.dll' build 4.4.33.1019 amd64
2026-10-05 14:00:11.679+03:00[42:43.006] P25516T28404     powershell:BrShim BrShim.cpp<218>:InstallAfterInitUnguarded(): BrShim 4.4.33.1019 loaded 39ms after process creation.
2026-10-05 14:00:11.679+03:00[42:43.006] P25516T28404     powershell:BrShim BrHookLoad.cpp<45>:LoadBrHook(): Loading: C:\Program Files\HP\Sure Click\servers\BrHook.dll
2026-10-05 14:00:11.689+03:00[42:43.016] P25516T28404 EVT powershell:BrHook Logs.cpp<330>:InitLogging(): Start process logging at level 0 for 'powershell.exe', 'BrHook.dll' build 4.4.33.1019 amd64
2026-10-05 14:00:11.689+03:00[42:43.016] P25516T28404 dbg powershell:BrHook settings.cpp<588>:GetActiveVersionWithPath(): - Found active version from CurrentVersion key 4.4.33.1019
2026-10-05 14:00:11.689+03:00[42:43.016] P25516T28404     powershell:BrHook BrHook.cpp<1884>:DllMain(): BrHook loaded 55ms after process creation.
2026-10-05 14:00:11.689+03:00[42:43.016] P25516T28404     powershell:BrHook BrHook.cpp<1897>:DllMain(): Attach completed in 0ms.
2026-10-05 14:00:11.689+03:00[42:43.017] P25516T28404     powershell:BrHook BrHook.cpp<1782>:InitHooks(): Not initializing hooks because Bromium/Untrusted is disabled
2026-10-05 14:00:11.689+03:00[42:43.022] P25516T29152 trc powershell:BrHook observer_thread.cpp<64>:RealThreadMain(): Registry Watcher Thread: 29152
2026-10-05 14:01:56.513+03:00[44:27.839] P16448T14600 EVT powershell:BrShim Logs.cpp<330>:InitLogging(): Start process logging at level 0 for 'powershell.exe', 'BrShim.dll' build 4.4.33.1019 amd64
2026-10-05 14:01:56.513+03:00[44:27.840] P16448T14600     powershell:BrShim BrShim.cpp<218>:InstallAfterInitUnguarded(): BrShim 4.4.33.1019 loaded 63ms after process creation.
2026-10-05 14:01:56.513+03:00[44:27.840] P16448T14600     powershell:BrShim BrHookLoad.cpp<45>:LoadBrHook(): Loading: C:\Program Files\HP\Sure Click\servers\BrHook.dll
2026-10-05 14:01:56.519+03:00[44:27.851] P16448T14600 EVT powershell:BrHook Logs.cpp<330>:InitLogging(): Start process logging at level 0 for 'powershell.exe', 'BrHook.dll' build 4.4.33.1019 amd64
2026-10-05 14:01:56.519+03:00[44:27.851] P16448T14600 dbg powershell:BrHook settings.cpp<588>:GetActiveVersionWithPath(): - Found active version from CurrentVersion key 4.4.33.1019
2026-10-05 14:01:56.519+03:00[44:27.851] P16448T14600     powershell:BrHook BrHook.cpp<1884>:DllMain(): BrHook loaded 83ms after process creation.
2026-10-05 14:01:56.519+03:00[44:27.851] P16448T14600     powershell:BrHook BrHook.cpp<1897>:DllMain(): Attach completed in 0ms.
2026-10-05 14:01:56.519+03:00[44:27.851] P16448T14600     powershell:BrHook BrHook.cpp<1782>:InitHooks(): Not initializing hooks because Bromium/Untrusted is disabled
2026-10-05 14:01:56.530+03:00[44:27.857] P16448T17456 trc powershell:BrHook observer_thread.cpp<64>:RealThreadMain(): Registry Watcher Thread: 17456
2026-10-05 14:02:31.350+03:00[45:02.680] P27028T29916 EVT powershell:BrShim Logs.cpp<330>:InitLogging(): Start process logging at level 0 for 'powershell.exe', 'BrShim.dll' build 4.4.33.1019 amd64
2026-10-05 14:02:31.350+03:00[45:02.681] P27028T29916     powershell:BrShim BrShim.cpp<218>:InstallAfterInitUnguarded(): BrShim 4.4.33.1019 loaded 41ms after process creation.
2026-10-05 14:02:31.350+03:00[45:02.681] P27028T29916     powershell:BrShim BrHookLoad.cpp<45>:LoadBrHook(): Loading: C:\Program Files\HP\Sure Click\servers\BrHook.dll
2026-10-05 14:02:31.357+03:00[45:02.691] P27028T29916 EVT powershell:BrHook Logs.cpp<330>:InitLogging(): Start process logging at level 0 for 'powershell.exe', 'BrHook.dll' build 4.4.33.1019 amd64
2026-10-05 14:02:31.357+03:00[45:02.692] P27028T29916 dbg powershell:BrHook settings.cpp<588>:GetActiveVersionWithPath(): - Found active version from CurrentVersion key 4.4.33.1019
2026-10-05 14:02:31.357+03:00[45:02.692] P27028T29916     powershell:BrHook BrHook.cpp<1884>:DllMain(): BrHook loaded 47ms after process creation.
2026-10-05 14:02:31.357+03:00[45:02.692] P27028T29916     powershell:BrHook BrHook.cpp<1897>:DllMain(): Attach completed in 0ms.
2026-10-05 14:02:31.357+03:00[45:02.692] P27028T29916     powershell:BrHook BrHook.cpp<1782>:InitHooks(): Not initializing hooks because Bromium/Untrusted is disabled
2026-10-05 14:02:31.367+03:00[45:02.696] P27028T09032 trc powershell:BrHook observer_thread.cpp<64>:RealThreadMain(): Registry Watcher Thread: 9032
2026-10-05 16:10:47.035+03:00[53:18.366] P08968T25384 EVT powershell:BrShim Logs.cpp<330>:InitLogging(): Start process logging at level 0 for 'powershell.exe', 'BrShim.dll' build 4.4.33.1019 amd64
2026-10-05 16:10:47.035+03:00[53:18.367] P08968T25384     powershell:BrShim BrShim.cpp<218>:InstallAfterInitUnguarded(): BrShim 4.4.33.1019 loaded 52ms after process creation.
2026-10-05 16:10:47.035+03:00[53:18.367] P08968T25384     powershell:BrShim BrHookLoad.cpp<45>:LoadBrHook(): Loading: C:\Program Files\HP\Sure Click\servers\BrHook.dll
2026-10-05 16:10:47.044+03:00[53:18.377] P08968T25384 EVT powershell:BrHook Logs.cpp<330>:InitLogging(): Start process logging at level 0 for 'powershell.exe', 'BrHook.dll' build 4.4.33.1019 amd64
2026-10-05 16:10:47.044+03:00[53:18.377] P08968T25384 dbg powershell:BrHook settings.cpp<588>:GetActiveVersionWithPath(): - Found active version from CurrentVersion key 4.4.33.1019
2026-10-05 16:10:47.044+03:00[53:18.378] P08968T25384     powershell:BrHook BrHook.cpp<1884>:DllMain(): BrHook loaded 61ms after process creation.
2026-10-05 16:10:47.044+03:00[53:18.378] P08968T25384     powershell:BrHook BrHook.cpp<1897>:DllMain(): Attach completed in 0ms.
2026-10-05 16:10:47.044+03:00[53:18.378] P08968T25384     powershell:BrHook BrHook.cpp<1782>:InitHooks(): Not initializing hooks because Bromium/Untrusted is disabled
2026-10-05 16:10:47.055+03:00[53:18.382] P08968T19404 trc powershell:BrHook observer_thread.cpp<64>:RealThreadMain(): Registry Watcher Thread: 19404
2026-10-05 16:12:03.082+03:00[54:34.410] P26932T18056 EVT powershell:BrShim Logs.cpp<330>:InitLogging(): Start process logging at level 0 for 'powershell.exe', 'BrShim.dll' build 4.4.33.1019 amd64
2026-10-05 16:12:03.082+03:00[54:34.410] P26932T18056     powershell:BrShim BrShim.cpp<218>:InstallAfterInitUnguarded(): BrShim 4.4.33.1019 loaded 93ms after process creation.
2026-10-05 16:12:03.085+03:00[54:34.411] P26932T18056     powershell:BrShim BrHookLoad.cpp<45>:LoadBrHook(): Loading: C:\Program Files\HP\Sure Click\servers\BrHook.dll
2026-10-05 16:12:03.100+03:00[54:34.427] P26932T18056 EVT powershell:BrHook Logs.cpp<330>:InitLogging(): Start process logging at level 0 for 'powershell.exe', 'BrHook.dll' build 4.4.33.1019 amd64
2026-10-05 16:12:03.100+03:00[54:34.428] P26932T18056 dbg powershell:BrHook settings.cpp<588>:GetActiveVersionWithPath(): - Found active version from CurrentVersion key 4.4.33.1019
2026-10-05 16:12:03.100+03:00[54:34.428] P26932T18056     powershell:BrHook BrHook.cpp<1884>:DllMain(): BrHook loaded 113ms after process creation.
2026-10-05 16:12:03.100+03:00[54:34.428] P26932T18056     powershell:BrHook BrHook.cpp<1897>:DllMain(): Attach completed in 16ms.
2026-10-05 16:12:03.100+03:00[54:34.428] P26932T18056     powershell:BrHook BrHook.cpp<1782>:InitHooks(): Not initializing hooks because Bromium/Untrusted is disabled
2026-10-05 16:12:03.105+03:00[54:34.434] P26932T28892 trc powershell:BrHook observer_thread.cpp<64>:RealThreadMain(): Registry Watcher Thread: 28892
2026-10-05 16:12:58.088+03:00[55:29.418] P10548T04632 EVT powershell:BrShim Logs.cpp<330>:InitLogging(): Start process logging at level 0 for 'powershell.exe', 'BrShim.dll' build 4.4.33.1019 amd64
2026-10-05 16:12:58.088+03:00[55:29.418] P10548T04632     powershell:BrShim BrShim.cpp<218>:InstallAfterInitUnguarded(): BrShim 4.4.33.1019 loaded 43ms after process creation.
2026-10-05 16:12:58.088+03:00[55:29.418] P10548T04632     powershell:BrShim BrHookLoad.cpp<45>:LoadBrHook(): Loading: C:\Program Files\HP\Sure Click\servers\BrHook.dll
2026-10-05 16:12:58.103+03:00[55:29.429] P10548T04632 EVT powershell:BrHook Logs.cpp<330>:InitLogging(): Start process logging at level 0 for 'powershell.exe', 'BrHook.dll' build 4.4.33.1019 amd64
2026-10-05 16:12:58.103+03:00[55:29.430] P10548T04632 dbg powershell:BrHook settings.cpp<588>:GetActiveVersionWithPath(): - Found active version from CurrentVersion key 4.4.33.1019
2026-10-05 16:12:58.103+03:00[55:29.430] P10548T04632     powershell:BrHook BrHook.cpp<1884>:DllMain(): BrHook loaded 57ms after process creation.
2026-10-05 16:12:58.103+03:00[55:29.430] P10548T04632     powershell:BrHook BrHook.cpp<1897>:DllMain(): Attach completed in 16ms.
2026-10-05 16:12:58.103+03:00[55:29.430] P10548T04632     powershell:BrHook BrHook.cpp<1782>:InitHooks(): Not initializing hooks because Bromium/Untrusted is disabled
2026-10-05 16:12:58.105+03:00[55:29.434] P10548T07268 trc powershell:BrHook observer_thread.cpp<64>:RealThreadMain(): Registry Watcher Thread: 7268
2026-10-05 16:16:36.666+03:00[59:07.994] P12976T27692 EVT powershell:BrShim Logs.cpp<330>:InitLogging(): Start process logging at level 0 for 'powershell.exe', 'BrShim.dll' build 4.4.33.1019 amd64
2026-10-05 16:16:36.666+03:00[59:07.994] P12976T27692     powershell:BrShim BrShim.cpp<218>:InstallAfterInitUnguarded(): BrShim 4.4.33.1019 loaded 104ms after process creation.
2026-10-05 16:16:36.666+03:00[59:07.995] P12976T27692     powershell:BrShim BrHookLoad.cpp<45>:LoadBrHook(): Loading: C:\Program Files\HP\Sure Click\servers\BrHook.dll
2026-10-05 16:16:36.681+03:00[59:08.008] P12976T27692 EVT powershell:BrHook Logs.cpp<330>:InitLogging(): Start process logging at level 0 for 'powershell.exe', 'BrHook.dll' build 4.4.33.1019 amd64
2026-10-05 16:16:36.681+03:00[59:08.008] P12976T27692 dbg powershell:BrHook settings.cpp<588>:GetActiveVersionWithPath(): - Found active version from CurrentVersion key 4.4.33.1019
2026-10-05 16:16:36.681+03:00[59:08.009] P12976T27692     powershell:BrHook BrHook.cpp<1884>:DllMain(): BrHook loaded 121ms after process creation.
2026-10-05 16:16:36.681+03:00[59:08.009] P12976T27692     powershell:BrHook BrHook.cpp<1897>:DllMain(): Attach completed in 15ms.
2026-10-05 16:16:36.681+03:00[59:08.009] P12976T27692     powershell:BrHook BrHook.cpp<1782>:InitHooks(): Not initializing hooks because Bromium/Untrusted is disabled
2026-10-05 16:16:36.685+03:00[59:08.013] P12976T28232 trc powershell:BrHook observer_thread.cpp<64>:RealThreadMain(): Registry Watcher Thread: 28232
2026-10-05 16:17:02.515+03:00[59:33.845] P17588T23340 EVT powershell:BrShim Logs.cpp<330>:InitLogging(): Start process logging at level 0 for 'powershell.exe', 'BrShim.dll' build 4.4.33.1019 amd64
2026-10-05 16:17:02.515+03:00[59:33.846] P17588T23340     powershell:BrShim BrShim.cpp<218>:InstallAfterInitUnguarded(): BrShim 4.4.33.1019 loaded 41ms after process creation.
2026-10-05 16:17:02.515+03:00[59:33.846] P17588T23340     powershell:BrShim BrHookLoad.cpp<45>:LoadBrHook(): Loading: C:\Program Files\HP\Sure Click\servers\BrHook.dll
2026-10-05 16:17:02.528+03:00[59:33.855] P17588T23340 EVT powershell:BrHook Logs.cpp<330>:InitLogging(): Start process logging at level 0 for 'powershell.exe', 'BrHook.dll' build 4.4.33.1019 amd64
2026-10-05 16:17:02.528+03:00[59:33.856] P17588T23340 dbg powershell:BrHook settings.cpp<588>:GetActiveVersionWithPath(): - Found active version from CurrentVersion key 4.4.33.1019
2026-10-05 16:17:02.528+03:00[59:33.856] P17588T23340     powershell:BrHook BrHook.cpp<1884>:DllMain(): BrHook loaded 52ms after process creation.
2026-10-05 16:17:02.528+03:00[59:33.856] P17588T23340     powershell:BrHook BrHook.cpp<1897>:DllMain(): Attach completed in 0ms.
2026-10-05 16:17:02.528+03:00[59:33.856] P17588T23340     powershell:BrHook BrHook.cpp<1782>:InitHooks(): Not initializing hooks because Bromium/Untrusted is disabled
2026-10-05 16:17:02.532+03:00[59:33.861] P17588T05932 trc powershell:BrHook observer_thread.cpp<64>:RealThreadMain(): Registry Watcher Thread: 5932
2026-10-05 16:17:33.304+03:00[00:04.644] P12796T26664 EVT powershell:BrShim Logs.cpp<330>:InitLogging(): Start process logging at level 0 for 'powershell.exe', 'BrShim.dll' build 4.4.33.1019 amd64
2026-10-05 16:17:33.304+03:00[00:04.644] P12796T26664     powershell:BrShim BrShim.cpp<218>:InstallAfterInitUnguarded(): BrShim 4.4.33.1019 loaded 30ms after process creation.
2026-10-05 16:17:33.304+03:00[00:04.644] P12796T26664     powershell:BrShim BrHookLoad.cpp<45>:LoadBrHook(): Loading: C:\Program Files\HP\Sure Click\servers\BrHook.dll
2026-10-05 16:17:33.327+03:00[00:04.655] P12796T26664 EVT powershell:BrHook Logs.cpp<330>:InitLogging(): Start process logging at level 0 for 'powershell.exe', 'BrHook.dll' build 4.4.33.1019 amd64
2026-10-05 16:17:33.329+03:00[00:04.655] P12796T26664 dbg powershell:BrHook settings.cpp<588>:GetActiveVersionWithPath(): - Found active version from CurrentVersion key 4.4.33.1019
2026-10-05 16:17:33.329+03:00[00:04.655] P12796T26664     powershell:BrHook BrHook.cpp<1884>:DllMain(): BrHook loaded 51ms after process creation.
2026-10-05 16:17:33.329+03:00[00:04.655] P12796T26664     powershell:BrHook BrHook.cpp<1897>:DllMain(): Attach completed in 0ms.
2026-10-05 16:17:33.329+03:00[00:04.656] P12796T26664     powershell:BrHook BrHook.cpp<1782>:InitHooks(): Not initializing hooks because Bromium/Untrusted is disabled
2026-10-05 16:17:33.329+03:00[00:04.660] P12796T13980 trc powershell:BrHook observer_thread.cpp<64>:RealThreadMain(): Registry Watcher Thread: 13980
2026-10-05 16:51:36.759+03:00[34:08.085] P29292T12440 EVT powershell:BrShim Logs.cpp<330>:InitLogging(): Start process logging at level 0 for 'powershell.exe', 'BrShim.dll' build 4.4.33.1019 amd64
2026-10-05 16:51:36.759+03:00[34:08.085] P29292T12440     powershell:BrShim BrShim.cpp<218>:InstallAfterInitUnguarded(): BrShim 4.4.33.1019 loaded 52ms after process creation.
2026-10-05 16:51:36.759+03:00[34:08.086] P29292T12440     powershell:BrShim BrHookLoad.cpp<45>:LoadBrHook(): Loading: C:\Program Files\HP\Sure Click\servers\BrHook.dll
2026-10-05 16:51:36.768+03:00[34:08.101] P29292T12440 EVT powershell:BrHook Logs.cpp<330>:InitLogging(): Start process logging at level 0 for 'powershell.exe', 'BrHook.dll' build 4.4.33.1019 amd64
2026-10-05 16:51:36.774+03:00[34:08.101] P29292T12440 dbg powershell:BrHook settings.cpp<588>:GetActiveVersionWithPath(): - Found active version from CurrentVersion key 4.4.33.1019
2026-10-05 16:51:36.774+03:00[34:08.101] P29292T12440     powershell:BrHook BrHook.cpp<1884>:DllMain(): BrHook loaded 69ms after process creation.
2026-10-05 16:51:36.774+03:00[34:08.101] P29292T12440     powershell:BrHook BrHook.cpp<1897>:DllMain(): Attach completed in 16ms.
2026-10-05 16:51:36.774+03:00[34:08.101] P29292T12440     powershell:BrHook BrHook.cpp<1782>:InitHooks(): Not initializing hooks because Bromium/Untrusted is disabled
2026-10-05 16:51:36.782+03:00[34:08.110] P29292T24940 trc powershell:BrHook observer_thread.cpp<64>:RealThreadMain(): Registry Watcher Thread: 24940
2026-10-05 16:51:54.489+03:00[34:25.819] P26984T18144 EVT powershell:BrShim Logs.cpp<330>:InitLogging(): Start process logging at level 0 for 'powershell.exe', 'BrShim.dll' build 4.4.33.1019 amd64
2026-10-05 16:51:54.489+03:00[34:25.819] P26984T18144     powershell:BrShim BrShim.cpp<218>:InstallAfterInitUnguarded(): BrShim 4.4.33.1019 loaded 41ms after process creation.
2026-10-05 16:51:54.489+03:00[34:25.819] P26984T18144     powershell:BrShim BrHookLoad.cpp<45>:LoadBrHook(): Loading: C:\Program Files\HP\Sure Click\servers\BrHook.dll
2026-10-05 16:51:54.502+03:00[34:25.830] P26984T18144 EVT powershell:BrHook Logs.cpp<330>:InitLogging(): Start process logging at level 0 for 'powershell.exe', 'BrHook.dll' build 4.4.33.1019 amd64
2026-10-05 16:51:54.502+03:00[34:25.831] P26984T18144 dbg powershell:BrHook settings.cpp<588>:GetActiveVersionWithPath(): - Found active version from CurrentVersion key 4.4.33.1019
2026-10-05 16:51:54.502+03:00[34:25.831] P26984T18144     powershell:BrHook BrHook.cpp<1884>:DllMain(): BrHook loaded 54ms after process creation.
2026-10-05 16:51:54.502+03:00[34:25.831] P26984T18144     powershell:BrHook BrHook.cpp<1897>:DllMain(): Attach completed in 0ms.
2026-10-05 16:51:54.502+03:00[34:25.831] P26984T18144     powershell:BrHook BrHook.cpp<1782>:InitHooks(): Not initializing hooks because Bromium/Untrusted is disabled
2026-10-05 16:51:54.509+03:00[34:25.835] P26984T22540 trc powershell:BrHook observer_thread.cpp<64>:RealThreadMain(): Registry Watcher Thread: 22540
2026-10-05 16:52:13.409+03:00[34:44.745] P23592T23576 EVT powershell:BrShim Logs.cpp<330>:InitLogging(): Start process logging at level 0 for 'powershell.exe', 'BrShim.dll' build 4.4.33.1019 amd64
2026-10-05 16:52:13.419+03:00[34:44.745] P23592T23576     powershell:BrShim BrShim.cpp<218>:InstallAfterInitUnguarded(): BrShim 4.4.33.1019 loaded 40ms after process creation.
2026-10-05 16:52:13.419+03:00[34:44.746] P23592T23576     powershell:BrShim BrHookLoad.cpp<45>:LoadBrHook(): Loading: C:\Program Files\HP\Sure Click\servers\BrHook.dll
2026-10-05 16:52:13.429+03:00[34:44.756] P23592T23576 EVT powershell:BrHook Logs.cpp<330>:InitLogging(): Start process logging at level 0 for 'powershell.exe', 'BrHook.dll' build 4.4.33.1019 amd64
2026-10-05 16:52:13.429+03:00[34:44.757] P23592T23576 dbg powershell:BrHook settings.cpp<588>:GetActiveVersionWithPath(): - Found active version from CurrentVersion key 4.4.33.1019
2026-10-05 16:52:13.429+03:00[34:44.757] P23592T23576     powershell:BrHook BrHook.cpp<1884>:DllMain(): BrHook loaded 55ms after process creation.
2026-10-05 16:52:13.429+03:00[34:44.757] P23592T23576     powershell:BrHook BrHook.cpp<1897>:DllMain(): Attach completed in 15ms.
2026-10-05 16:52:13.429+03:00[34:44.758] P23592T23576     powershell:BrHook BrHook.cpp<1782>:InitHooks(): Not initializing hooks because Bromium/Untrusted is disabled
2026-10-05 16:52:13.435+03:00[34:44.762] P23592T26468 trc powershell:BrHook observer_thread.cpp<64>:RealThreadMain(): Registry Watcher Thread: 26468
2026-10-05 16:58:52.081+03:00[41:23.411] P10752T22676 EVT powershell:BrShim Logs.cpp<330>:InitLogging(): Start process logging at level 0 for 'powershell.exe', 'BrShim.dll' build 4.4.33.1019 amd64
2026-10-05 16:58:52.081+03:00[41:23.411] P10752T22676     powershell:BrShim BrShim.cpp<218>:InstallAfterInitUnguarded(): BrShim 4.4.33.1019 loaded 39ms after process creation.
2026-10-05 16:58:52.081+03:00[41:23.411] P10752T22676     powershell:BrShim BrHookLoad.cpp<45>:LoadBrHook(): Loading: C:\Program Files\HP\Sure Click\servers\BrHook.dll
2026-10-05 16:58:52.092+03:00[41:23.424] P10752T22676 EVT powershell:BrHook Logs.cpp<330>:InitLogging(): Start process logging at level 0 for 'powershell.exe', 'BrHook.dll' build 4.4.33.1019 amd64
2026-10-05 16:58:52.092+03:00[41:23.424] P10752T22676 dbg powershell:BrHook settings.cpp<588>:GetActiveVersionWithPath(): - Found active version from CurrentVersion key 4.4.33.1019
2026-10-05 16:58:52.092+03:00[41:23.424] P10752T22676     powershell:BrHook BrHook.cpp<1884>:DllMain(): BrHook loaded 55ms after process creation.
2026-10-05 16:58:52.092+03:00[41:23.424] P10752T22676     powershell:BrHook BrHook.cpp<1897>:DllMain(): Attach completed in 0ms.
2026-10-05 16:58:52.092+03:00[41:23.424] P10752T22676     powershell:BrHook BrHook.cpp<1782>:InitHooks(): Not initializing hooks because Bromium/Untrusted is disabled
2026-10-05 16:58:52.101+03:00[41:23.428] P10752T28896 trc powershell:BrHook observer_thread.cpp<64>:RealThreadMain(): Registry Watcher Thread: 28896
2026-10-05 17:00:52.143+03:00[43:23.476] P21260T10188 EVT powershell:BrShim Logs.cpp<330>:InitLogging(): Start process logging at level 0 for 'powershell.exe', 'BrShim.dll' build 4.4.33.1019 amd64
2026-10-05 17:00:52.143+03:00[43:23.476] P21260T10188     powershell:BrShim BrShim.cpp<218>:InstallAfterInitUnguarded(): BrShim 4.4.33.1019 loaded 41ms after process creation.
2026-10-05 17:00:52.150+03:00[43:23.476] P21260T10188     powershell:BrShim BrHookLoad.cpp<45>:LoadBrHook(): Loading: C:\Program Files\HP\Sure Click\servers\BrHook.dll
2026-10-05 17:00:52.160+03:00[43:23.486] P21260T10188 EVT powershell:BrHook Logs.cpp<330>:InitLogging(): Start process logging at level 0 for 'powershell.exe', 'BrHook.dll' build 4.4.33.1019 amd64
2026-10-05 17:00:52.160+03:00[43:23.487] P21260T10188 dbg powershell:BrHook settings.cpp<588>:GetActiveVersionWithPath(): - Found active version from CurrentVersion key 4.4.33.1019
2026-10-05 17:00:52.160+03:00[43:23.487] P21260T10188     powershell:BrHook BrHook.cpp<1884>:DllMain(): BrHook loaded 54ms after process creation.
2026-10-05 17:00:52.160+03:00[43:23.487] P21260T10188     powershell:BrHook BrHook.cpp<1897>:DllMain(): Attach completed in 0ms.
2026-10-05 17:00:52.160+03:00[43:23.487] P21260T10188     powershell:BrHook BrHook.cpp<1782>:InitHooks(): Not initializing hooks because Bromium/Untrusted is disabled
2026-10-05 17:00:52.162+03:00[43:23.492] P21260T22412 trc powershell:BrHook observer_thread.cpp<64>:RealThreadMain(): Registry Watcher Thread: 22412
2026-10-05 17:01:52.331+03:00[44:23.661] P30488T25656 EVT powershell:BrShim Logs.cpp<330>:InitLogging(): Start process logging at level 0 for 'powershell.exe', 'BrShim.dll' build 4.4.33.1019 amd64
2026-10-05 17:01:52.331+03:00[44:23.661] P30488T25656     powershell:BrShim BrShim.cpp<218>:InstallAfterInitUnguarded(): BrShim 4.4.33.1019 loaded 42ms after process creation.
2026-10-05 17:01:52.331+03:00[44:23.661] P30488T25656     powershell:BrShim BrHookLoad.cpp<45>:LoadBrHook(): Loading: C:\Program Files\HP\Sure Click\servers\BrHook.dll
2026-10-05 17:01:52.344+03:00[44:23.672] P30488T25656 EVT powershell:BrHook Logs.cpp<330>:InitLogging(): Start process logging at level 0 for 'powershell.exe', 'BrHook.dll' build 4.4.33.1019 amd64
2026-10-05 17:01:52.346+03:00[44:23.673] P30488T25656 dbg powershell:BrHook settings.cpp<588>:GetActiveVersionWithPath(): - Found active version from CurrentVersion key 4.4.33.1019
2026-10-05 17:01:52.346+03:00[44:23.673] P30488T25656     powershell:BrHook BrHook.cpp<1884>:DllMain(): BrHook loaded 55ms after process creation.
2026-10-05 17:01:52.346+03:00[44:23.673] P30488T25656     powershell:BrHook BrHook.cpp<1897>:DllMain(): Attach completed in 0ms.
2026-10-05 17:01:52.346+03:00[44:23.673] P30488T25656     powershell:BrHook BrHook.cpp<1782>:InitHooks(): Not initializing hooks because Bromium/Untrusted is disabled
2026-10-05 17:01:52.350+03:00[44:23.678] P30488T30100 trc powershell:BrHook observer_thread.cpp<64>:RealThreadMain(): Registry Watcher Thread: 30100
2026-10-05 17:01:53.991+03:00[44:25.322] P17664T24860 EVT powershell:BrShim Logs.cpp<330>:InitLogging(): Start process logging at level 0 for 'powershell.exe', 'BrShim.dll' build 4.4.33.1019 amd64
2026-10-05 17:01:53.991+03:00[44:25.322] P17664T24860     powershell:BrShim BrShim.cpp<218>:InstallAfterInitUnguarded(): BrShim 4.4.33.1019 loaded 41ms after process creation.
2026-10-05 17:01:53.991+03:00[44:25.323] P17664T24860     powershell:BrShim BrHookLoad.cpp<45>:LoadBrHook(): Loading: C:\Program Files\HP\Sure Click\servers\BrHook.dll
2026-10-05 17:01:54.006+03:00[44:25.333] P17664T24860 EVT powershell:BrHook Logs.cpp<330>:InitLogging(): Start process logging at level 0 for 'powershell.exe', 'BrHook.dll' build 4.4.33.1019 amd64
2026-10-05 17:01:54.006+03:00[44:25.334] P17664T24860 dbg powershell:BrHook settings.cpp<588>:GetActiveVersionWithPath(): - Found active version from CurrentVersion key 4.4.33.1019
2026-10-05 17:01:54.006+03:00[44:25.334] P17664T24860     powershell:BrHook BrHook.cpp<1884>:DllMain(): BrHook loaded 50ms after process creation.
2026-10-05 17:01:54.006+03:00[44:25.334] P17664T24860     powershell:BrHook BrHook.cpp<1897>:DllMain(): Attach completed in 15ms.
2026-10-05 17:01:54.006+03:00[44:25.334] P17664T24860     powershell:BrHook BrHook.cpp<1782>:InitHooks(): Not initializing hooks because Bromium/Untrusted is disabled
2026-10-05 17:01:54.010+03:00[44:25.338] P17664T17040 trc powershell:BrHook observer_thread.cpp<64>:RealThreadMain(): Registry Watcher Thread: 17040
2026-10-05 17:02:27.330+03:00[44:58.658] P15204T22236 EVT powershell:BrShim Logs.cpp<330>:InitLogging(): Start process logging at level 0 for 'powershell.exe', 'BrShim.dll' build 4.4.33.1019 amd64
2026-10-05 17:02:27.330+03:00[44:58.658] P15204T22236     powershell:BrShim BrShim.cpp<218>:InstallAfterInitUnguarded(): BrShim 4.4.33.1019 loaded 33ms after process creation.
2026-10-05 17:02:27.330+03:00[44:58.658] P15204T22236     powershell:BrShim BrHookLoad.cpp<45>:LoadBrHook(): Loading: C:\Program Files\HP\Sure Click\servers\BrHook.dll
2026-10-05 17:02:27.340+03:00[44:58.669] P15204T22236 EVT powershell:BrHook Logs.cpp<330>:InitLogging(): Start process logging at level 0 for 'powershell.exe', 'BrHook.dll' build 4.4.33.1019 amd64
2026-10-05 17:02:27.340+03:00[44:58.670] P15204T22236 dbg powershell:BrHook settings.cpp<588>:GetActiveVersionWithPath(): - Found active version from CurrentVersion key 4.4.33.1019
2026-10-05 17:02:27.340+03:00[44:58.670] P15204T22236     powershell:BrHook BrHook.cpp<1884>:DllMain(): BrHook loaded 53ms after process creation.
2026-10-05 17:02:27.340+03:00[44:58.670] P15204T22236     powershell:BrHook BrHook.cpp<1897>:DllMain(): Attach completed in 0ms.
2026-10-05 17:02:27.340+03:00[44:58.670] P15204T22236     powershell:BrHook BrHook.cpp<1782>:InitHooks(): Not initializing hooks because Bromium/Untrusted is disabled
2026-10-05 17:02:27.340+03:00[44:58.674] P15204T27108 trc powershell:BrHook observer_thread.cpp<64>:RealThreadMain(): Registry Watcher Thread: 27108
2026-10-05 17:10:38.813+03:00[53:10.140] P08868T25404 EVT powershell:BrShim Logs.cpp<330>:InitLogging(): Start process logging at level 0 for 'powershell.exe', 'BrShim.dll' build 4.4.33.1019 amd64
2026-10-05 17:10:38.813+03:00[53:10.140] P08868T25404     powershell:BrShim BrShim.cpp<218>:InstallAfterInitUnguarded(): BrShim 4.4.33.1019 loaded 41ms after process creation.
2026-10-05 17:10:38.813+03:00[53:10.140] P08868T25404     powershell:BrShim BrHookLoad.cpp<45>:LoadBrHook(): Loading: C:\Program Files\HP\Sure Click\servers\BrHook.dll
2026-10-05 17:10:38.823+03:00[53:10.150] P08868T25404 EVT powershell:BrHook Logs.cpp<330>:InitLogging(): Start process logging at level 0 for 'powershell.exe', 'BrHook.dll' build 4.4.33.1019 amd64
2026-10-05 17:10:38.823+03:00[53:10.151] P08868T25404 dbg powershell:BrHook settings.cpp<588>:GetActiveVersionWithPath(): - Found active version from CurrentVersion key 4.4.33.1019
2026-10-05 17:10:38.823+03:00[53:10.151] P08868T25404     powershell:BrHook BrHook.cpp<1884>:DllMain(): BrHook loaded 53ms after process creation.
2026-10-05 17:10:38.823+03:00[53:10.151] P08868T25404     powershell:BrHook BrHook.cpp<1897>:DllMain(): Attach completed in 0ms.
2026-10-05 17:10:38.823+03:00[53:10.151] P08868T25404     powershell:BrHook BrHook.cpp<1782>:InitHooks(): Not initializing hooks because Bromium/Untrusted is disabled
2026-10-05 17:10:38.828+03:00[53:10.155] P08868T23068 trc powershell:BrHook observer_thread.cpp<64>:RealThreadMain(): Registry Watcher Thread: 23068
2026-10-05 17:25:57.801+03:00[08:29.129] P29456T28684 EVT powershell:BrShim Logs.cpp<330>:InitLogging(): Start process logging at level 0 for 'powershell.exe', 'BrShim.dll' build 4.4.33.1019 amd64
2026-10-05 17:25:57.801+03:00[08:29.129] P29456T28684     powershell:BrShim BrShim.cpp<218>:InstallAfterInitUnguarded(): BrShim 4.4.33.1019 loaded 43ms after process creation.
2026-10-05 17:25:57.801+03:00[08:29.129] P29456T28684     powershell:BrShim BrHookLoad.cpp<45>:LoadBrHook(): Loading: C:\Program Files\HP\Sure Click\servers\BrHook.dll
2026-10-05 17:25:57.814+03:00[08:29.141] P29456T28684 EVT powershell:BrHook Logs.cpp<330>:InitLogging(): Start process logging at level 0 for 'powershell.exe', 'BrHook.dll' build 4.4.33.1019 amd64
2026-10-05 17:25:57.814+03:00[08:29.141] P29456T28684 dbg powershell:BrHook settings.cpp<588>:GetActiveVersionWithPath(): - Found active version from CurrentVersion key 4.4.33.1019
2026-10-05 17:25:57.814+03:00[08:29.141] P29456T28684     powershell:BrHook BrHook.cpp<1884>:DllMain(): BrHook loaded 61ms after process creation.
2026-10-05 17:25:57.814+03:00[08:29.141] P29456T28684     powershell:BrHook BrHook.cpp<1897>:DllMain(): Attach completed in 0ms.
2026-10-05 17:25:57.814+03:00[08:29.142] P29456T28684     powershell:BrHook BrHook.cpp<1782>:InitHooks(): Not initializing hooks because Bromium/Untrusted is disabled
2026-10-05 17:25:57.814+03:00[08:29.146] P29456T29740 trc powershell:BrHook observer_thread.cpp<64>:RealThreadMain(): Registry Watcher Thread: 29740
2026-10-05 17:32:04.238+03:00[14:35.566] P22440T19072 EVT powershell:BrShim Logs.cpp<330>:InitLogging(): Start process logging at level 0 for 'powershell.exe', 'BrShim.dll' build 4.4.33.1019 amd64
2026-10-05 17:32:04.238+03:00[14:35.566] P22440T19072     powershell:BrShim BrShim.cpp<218>:InstallAfterInitUnguarded(): BrShim 4.4.33.1019 loaded 101ms after process creation.
2026-10-05 17:32:04.238+03:00[14:35.567] P22440T19072     powershell:BrShim BrHookLoad.cpp<45>:LoadBrHook(): Loading: C:\Program Files\HP\Sure Click\servers\BrHook.dll
2026-10-05 17:32:04.258+03:00[14:35.585] P22440T19072 EVT powershell:BrHook Logs.cpp<330>:InitLogging(): Start process logging at level 0 for 'powershell.exe', 'BrHook.dll' build 4.4.33.1019 amd64
2026-10-05 17:32:04.258+03:00[14:35.585] P22440T19072 dbg powershell:BrHook settings.cpp<588>:GetActiveVersionWithPath(): - Found active version from CurrentVersion key 4.4.33.1019
2026-10-05 17:32:04.258+03:00[14:35.586] P22440T19072     powershell:BrHook BrHook.cpp<1884>:DllMain(): BrHook loaded 126ms after process creation.
2026-10-05 17:32:04.258+03:00[14:35.586] P22440T19072     powershell:BrHook BrHook.cpp<1897>:DllMain(): Attach completed in 15ms.
2026-10-05 17:32:04.258+03:00[14:35.586] P22440T19072     powershell:BrHook BrHook.cpp<1782>:InitHooks(): Not initializing hooks because Bromium/Untrusted is disabled
2026-10-05 17:32:04.264+03:00[14:35.592] P22440T27096 trc powershell:BrHook observer_thread.cpp<64>:RealThreadMain(): Registry Watcher Thread: 27096
2026-10-05 17:33:31.811+03:00[16:03.138] P04012T17900 EVT powershell:BrShim Logs.cpp<330>:InitLogging(): Start process logging at level 0 for 'powershell.exe', 'BrShim.dll' build 4.4.33.1019 amd64
2026-10-05 17:33:31.811+03:00[16:03.139] P04012T17900     powershell:BrShim BrShim.cpp<218>:InstallAfterInitUnguarded(): BrShim 4.4.33.1019 loaded 64ms after process creation.
2026-10-05 17:33:31.811+03:00[16:03.140] P04012T17900     powershell:BrShim BrHookLoad.cpp<45>:LoadBrHook(): Loading: C:\Program Files\HP\Sure Click\servers\BrHook.dll
2026-10-05 17:33:31.820+03:00[16:03.153] P04012T17900 EVT powershell:BrHook Logs.cpp<330>:InitLogging(): Start process logging at level 0 for 'powershell.exe', 'BrHook.dll' build 4.4.33.1019 amd64
2026-10-05 17:33:31.820+03:00[16:03.153] P04012T17900 dbg powershell:BrHook settings.cpp<588>:GetActiveVersionWithPath(): - Found active version from CurrentVersion key 4.4.33.1019
2026-10-05 17:33:31.820+03:00[16:03.153] P04012T17900     powershell:BrHook BrHook.cpp<1884>:DllMain(): BrHook loaded 81ms after process creation.
2026-10-05 17:33:31.820+03:00[16:03.153] P04012T17900     powershell:BrHook BrHook.cpp<1897>:DllMain(): Attach completed in 0ms.
2026-10-05 17:33:31.820+03:00[16:03.154] P04012T17900     powershell:BrHook BrHook.cpp<1782>:InitHooks(): Not initializing hooks because Bromium/Untrusted is disabled
2026-10-05 17:33:31.831+03:00[16:03.159] P04012T24656 trc powershell:BrHook observer_thread.cpp<64>:RealThreadMain(): Registry Watcher Thread: 24656
2026-10-05 18:05:02.947+03:00[47:34.275] P26932T07288 EVT powershell:BrShim Logs.cpp<330>:InitLogging(): Start process logging at level 0 for 'powershell.exe', 'BrShim.dll' build 4.4.33.1019 amd64
2026-10-05 18:05:02.947+03:00[47:34.275] P26932T07288     powershell:BrShim BrShim.cpp<218>:InstallAfterInitUnguarded(): BrShim 4.4.33.1019 loaded 44ms after process creation.
2026-10-05 18:05:02.947+03:00[47:34.275] P26932T07288     powershell:BrShim BrHookLoad.cpp<45>:LoadBrHook(): Loading: C:\Program Files\HP\Sure Click\servers\BrHook.dll
2026-10-05 18:05:02.955+03:00[47:34.283] P26932T07288 EVT powershell:BrHook Logs.cpp<330>:InitLogging(): Start process logging at level 0 for 'powershell.exe', 'BrHook.dll' build 4.4.33.1019 amd64
2026-10-05 18:05:02.955+03:00[47:34.283] P26932T07288 dbg powershell:BrHook settings.cpp<588>:GetActiveVersionWithPath(): - Found active version from CurrentVersion key 4.4.33.1019
2026-10-05 18:05:02.955+03:00[47:34.283] P26932T07288     powershell:BrHook BrHook.cpp<1884>:DllMain(): BrHook loaded 53ms after process creation.
2026-10-05 18:05:02.955+03:00[47:34.283] P26932T07288     powershell:BrHook BrHook.cpp<1897>:DllMain(): Attach completed in 0ms.
2026-10-05 18:05:02.955+03:00[47:34.283] P26932T07288     powershell:BrHook BrHook.cpp<1782>:InitHooks(): Not initializing hooks because Bromium/Untrusted is disabled
2026-10-05 18:05:02.960+03:00[47:34.287] P26932T29792 trc powershell:BrHook observer_thread.cpp<64>:RealThreadMain(): Registry Watcher Thread: 29792
2026-10-05 18:06:37.427+03:00[49:08.766] P16628T17272 EVT powershell:BrShim Logs.cpp<330>:InitLogging(): Start process logging at level 0 for 'powershell.exe', 'BrShim.dll' build 4.4.33.1019 amd64
2026-10-05 18:06:37.427+03:00[49:08.767] P16628T17272     powershell:BrShim BrShim.cpp<218>:InstallAfterInitUnguarded(): BrShim 4.4.33.1019 loaded 29ms after process creation.
2026-10-05 18:06:37.427+03:00[49:08.767] P16628T17272     powershell:BrShim BrHookLoad.cpp<45>:LoadBrHook(): Loading: C:\Program Files\HP\Sure Click\servers\BrHook.dll
2026-10-05 18:06:37.443+03:00[49:08.774] P16628T17272 EVT powershell:BrHook Logs.cpp<330>:InitLogging(): Start process logging at level 0 for 'powershell.exe', 'BrHook.dll' build 4.4.33.1019 amd64
2026-10-05 18:06:37.443+03:00[49:08.774] P16628T17272 dbg powershell:BrHook settings.cpp<588>:GetActiveVersionWithPath(): - Found active version from CurrentVersion key 4.4.33.1019
2026-10-05 18:06:37.443+03:00[49:08.774] P16628T17272     powershell:BrHook BrHook.cpp<1884>:DllMain(): BrHook loaded 45ms after process creation.
2026-10-05 18:06:37.443+03:00[49:08.774] P16628T17272     powershell:BrHook BrHook.cpp<1897>:DllMain(): Attach completed in 0ms.
2026-10-05 18:06:37.443+03:00[49:08.775] P16628T17272     powershell:BrHook BrHook.cpp<1782>:InitHooks(): Not initializing hooks because Bromium/Untrusted is disabled
2026-10-05 18:06:37.443+03:00[49:08.778] P16628T03848 trc powershell:BrHook observer_thread.cpp<64>:RealThreadMain(): Registry Watcher Thread: 3848
2026-10-05 18:51:08.431+03:00[33:39.769] P22068T19412 EVT powershell:BrShim Logs.cpp<330>:InitLogging(): Start process logging at level 0 for 'powershell.exe', 'BrShim.dll' build 4.4.33.1019 amd64
2026-10-05 18:51:08.431+03:00[33:39.769] P22068T19412     powershell:BrShim BrShim.cpp<218>:InstallAfterInitUnguarded(): BrShim 4.4.33.1019 loaded 30ms after process creation.
2026-10-05 18:51:08.431+03:00[33:39.770] P22068T19412     powershell:BrShim BrHookLoad.cpp<45>:LoadBrHook(): Loading: C:\Program Files\HP\Sure Click\servers\BrHook.dll
2026-10-05 18:51:08.447+03:00[33:39.777] P22068T19412 EVT powershell:BrHook Logs.cpp<330>:InitLogging(): Start process logging at level 0 for 'powershell.exe', 'BrHook.dll' build 4.4.33.1019 amd64
2026-10-05 18:51:08.447+03:00[33:39.777] P22068T19412 dbg powershell:BrHook settings.cpp<588>:GetActiveVersionWithPath(): - Found active version from CurrentVersion key 4.4.33.1019
2026-10-05 18:51:08.447+03:00[33:39.777] P22068T19412     powershell:BrHook BrHook.cpp<1884>:DllMain(): BrHook loaded 46ms after process creation.
2026-10-05 18:51:08.447+03:00[33:39.777] P22068T19412     powershell:BrHook BrHook.cpp<1897>:DllMain(): Attach completed in 0ms.
2026-10-05 18:51:08.447+03:00[33:39.778] P22068T19412     powershell:BrHook BrHook.cpp<1782>:InitHooks(): Not initializing hooks because Bromium/Untrusted is disabled
2026-10-05 18:51:08.455+03:00[33:39.781] P22068T19848 trc powershell:BrHook observer_thread.cpp<64>:RealThreadMain(): Registry Watcher Thread: 19848
2026-10-05 18:55:29.983+03:00[38:01.309] P20980T11728 EVT powershell:BrShim Logs.cpp<330>:InitLogging(): Start process logging at level 0 for 'powershell.exe', 'BrShim.dll' build 4.4.33.1019 amd64
2026-10-05 18:55:29.983+03:00[38:01.310] P20980T11728     powershell:BrShim BrShim.cpp<218>:InstallAfterInitUnguarded(): BrShim 4.4.33.1019 loaded 48ms after process creation.
2026-10-05 18:55:29.983+03:00[38:01.310] P20980T11728     powershell:BrShim BrHookLoad.cpp<45>:LoadBrHook(): Loading: C:\Program Files\HP\Sure Click\servers\BrHook.dll
2026-10-05 18:55:29.991+03:00[38:01.318] P20980T11728 EVT powershell:BrHook Logs.cpp<330>:InitLogging(): Start process logging at level 0 for 'powershell.exe', 'BrHook.dll' build 4.4.33.1019 amd64
2026-10-05 18:55:29.991+03:00[38:01.318] P20980T11728 dbg powershell:BrHook settings.cpp<588>:GetActiveVersionWithPath(): - Found active version from CurrentVersion key 4.4.33.1019
2026-10-05 18:55:29.991+03:00[38:01.319] P20980T11728     powershell:BrHook BrHook.cpp<1884>:DllMain(): BrHook loaded 59ms after process creation.
2026-10-05 18:55:29.991+03:00[38:01.319] P20980T11728     powershell:BrHook BrHook.cpp<1897>:DllMain(): Attach completed in 16ms.
2026-10-05 18:55:29.991+03:00[38:01.319] P20980T11728     powershell:BrHook BrHook.cpp<1782>:InitHooks(): Not initializing hooks because Bromium/Untrusted is disabled
2026-10-05 18:55:29.995+03:00[38:01.322] P20980T03128 trc powershell:BrHook observer_thread.cpp<64>:RealThreadMain(): Registry Watcher Thread: 3128
2026-10-05 18:56:28.474+03:00[38:59.808] P01924T27608 EVT powershell:BrShim Logs.cpp<330>:InitLogging(): Start process logging at level 0 for 'powershell.exe', 'BrShim.dll' build 4.4.33.1019 amd64
2026-10-05 18:56:28.474+03:00[38:59.808] P01924T27608     powershell:BrShim BrShim.cpp<218>:InstallAfterInitUnguarded(): BrShim 4.4.33.1019 loaded 41ms after process creation.
2026-10-05 18:56:28.474+03:00[38:59.808] P01924T27608     powershell:BrShim BrHookLoad.cpp<45>:LoadBrHook(): Loading: C:\Program Files\HP\Sure Click\servers\BrHook.dll
2026-10-05 18:56:28.474+03:00[38:59.816] P01924T27608 EVT powershell:BrHook Logs.cpp<330>:InitLogging(): Start process logging at level 0 for 'powershell.exe', 'BrHook.dll' build 4.4.33.1019 amd64
2026-10-05 18:56:28.474+03:00[38:59.816] P01924T27608 dbg powershell:BrHook settings.cpp<588>:GetActiveVersionWithPath(): - Found active version from CurrentVersion key 4.4.33.1019
2026-10-05 18:56:28.474+03:00[38:59.816] P01924T27608     powershell:BrHook BrHook.cpp<1884>:DllMain(): BrHook loaded 41ms after process creation.
2026-10-05 18:56:28.474+03:00[38:59.816] P01924T27608     powershell:BrHook BrHook.cpp<1897>:DllMain(): Attach completed in 0ms.
2026-10-05 18:56:28.474+03:00[38:59.816] P01924T27608     powershell:BrHook BrHook.cpp<1782>:InitHooks(): Not initializing hooks because Bromium/Untrusted is disabled
2026-10-05 18:56:28.490+03:00[38:59.819] P01924T27216 trc powershell:BrHook observer_thread.cpp<64>:RealThreadMain(): Registry Watcher Thread: 27216
2026-10-05 18:57:55.954+03:00[40:27.291] P18112T18648 EVT powershell:BrShim Logs.cpp<330>:InitLogging(): Start process logging at level 0 for 'powershell.exe', 'BrShim.dll' build 4.4.33.1019 amd64
2026-10-05 18:57:55.954+03:00[40:27.291] P18112T18648     powershell:BrShim BrShim.cpp<218>:InstallAfterInitUnguarded(): BrShim 4.4.33.1019 loaded 40ms after process creation.
2026-10-05 18:57:55.954+03:00[40:27.291] P18112T18648     powershell:BrShim BrHookLoad.cpp<45>:LoadBrHook(): Loading: C:\Program Files\HP\Sure Click\servers\BrHook.dll
2026-10-05 18:57:55.972+03:00[40:27.299] P18112T18648 EVT powershell:BrHook Logs.cpp<330>:InitLogging(): Start process logging at level 0 for 'powershell.exe', 'BrHook.dll' build 4.4.33.1019 amd64
2026-10-05 18:57:55.972+03:00[40:27.299] P18112T18648 dbg powershell:BrHook settings.cpp<588>:GetActiveVersionWithPath(): - Found active version from CurrentVersion key 4.4.33.1019
2026-10-05 18:57:55.972+03:00[40:27.299] P18112T18648     powershell:BrHook BrHook.cpp<1884>:DllMain(): BrHook loaded 56ms after process creation.
2026-10-05 18:57:55.972+03:00[40:27.299] P18112T18648     powershell:BrHook BrHook.cpp<1897>:DllMain(): Attach completed in 0ms.
2026-10-05 18:57:55.972+03:00[40:27.300] P18112T18648     powershell:BrHook BrHook.cpp<1782>:InitHooks(): Not initializing hooks because Bromium/Untrusted is disabled
2026-10-05 18:57:55.974+03:00[40:27.303] P18112T20232 trc powershell:BrHook observer_thread.cpp<64>:RealThreadMain(): Registry Watcher Thread: 20232
2026-10-05 19:32:31.460+03:00[15:02.787] P01448T28972 EVT powershell:BrShim Logs.cpp<330>:InitLogging(): Start process logging at level 0 for 'powershell.exe', 'BrShim.dll' build 4.4.33.1019 amd64
2026-10-05 19:32:31.460+03:00[15:02.787] P01448T28972     powershell:BrShim BrShim.cpp<218>:InstallAfterInitUnguarded(): BrShim 4.4.33.1019 loaded 46ms after process creation.
2026-10-05 19:32:31.460+03:00[15:02.787] P01448T28972     powershell:BrShim BrHookLoad.cpp<45>:LoadBrHook(): Loading: C:\Program Files\HP\Sure Click\servers\BrHook.dll
2026-10-05 19:32:31.468+03:00[15:02.796] P01448T28972 EVT powershell:BrHook Logs.cpp<330>:InitLogging(): Start process logging at level 0 for 'powershell.exe', 'BrHook.dll' build 4.4.33.1019 amd64
2026-10-05 19:32:31.468+03:00[15:02.796] P01448T28972 dbg powershell:BrHook settings.cpp<588>:GetActiveVersionWithPath(): - Found active version from CurrentVersion key 4.4.33.1019
2026-10-05 19:32:31.468+03:00[15:02.796] P01448T28972     powershell:BrHook BrHook.cpp<1884>:DllMain(): BrHook loaded 57ms after process creation.
2026-10-05 19:32:31.468+03:00[15:02.796] P01448T28972     powershell:BrHook BrHook.cpp<1897>:DllMain(): Attach completed in 0ms.
2026-10-05 19:32:31.468+03:00[15:02.796] P01448T28972     powershell:BrHook BrHook.cpp<1782>:InitHooks(): Not initializing hooks because Bromium/Untrusted is disabled
2026-10-05 19:32:31.468+03:00[15:02.800] P01448T28900 trc powershell:BrHook observer_thread.cpp<64>:RealThreadMain(): Registry Watcher Thread: 28900
2026-10-05 19:35:18.496+03:00[17:49.824] P23856T27656 EVT powershell:BrShim Logs.cpp<330>:InitLogging(): Start process logging at level 0 for 'powershell.exe', 'BrShim.dll' build 4.4.33.1019 amd64
2026-10-05 19:35:18.496+03:00[17:49.825] P23856T27656     powershell:BrShim BrShim.cpp<218>:InstallAfterInitUnguarded(): BrShim 4.4.33.1019 loaded 36ms after process creation.
2026-10-05 19:35:18.498+03:00[17:49.825] P23856T27656     powershell:BrShim BrHookLoad.cpp<45>:LoadBrHook(): Loading: C:\Program Files\HP\Sure Click\servers\BrHook.dll
2026-10-05 19:35:18.502+03:00[17:49.832] P23856T27656 EVT powershell:BrHook Logs.cpp<330>:InitLogging(): Start process logging at level 0 for 'powershell.exe', 'BrHook.dll' build 4.4.33.1019 amd64
2026-10-05 19:35:18.502+03:00[17:49.832] P23856T27656 dbg powershell:BrHook settings.cpp<588>:GetActiveVersionWithPath(): - Found active version from CurrentVersion key 4.4.33.1019
2026-10-05 19:35:18.502+03:00[17:49.833] P23856T27656     powershell:BrHook BrHook.cpp<1884>:DllMain(): BrHook loaded 44ms after process creation.
2026-10-05 19:35:18.502+03:00[17:49.833] P23856T27656     powershell:BrHook BrHook.cpp<1897>:DllMain(): Attach completed in 0ms.
2026-10-05 19:35:18.502+03:00[17:49.833] P23856T27656     powershell:BrHook BrHook.cpp<1782>:InitHooks(): Not initializing hooks because Bromium/Untrusted is disabled
2026-10-05 19:35:18.509+03:00[17:49.836] P23856T19940 trc powershell:BrHook observer_thread.cpp<64>:RealThreadMain(): Registry Watcher Thread: 19940
2026-10-05 19:36:18.410+03:00[18:49.738] P26096T12008 EVT powershell:BrShim Logs.cpp<330>:InitLogging(): Start process logging at level 0 for 'powershell.exe', 'BrShim.dll' build 4.4.33.1019 amd64
2026-10-05 19:36:18.410+03:00[18:49.738] P26096T12008     powershell:BrShim BrShim.cpp<218>:InstallAfterInitUnguarded(): BrShim 4.4.33.1019 loaded 35ms after process creation.
2026-10-05 19:36:18.410+03:00[18:49.739] P26096T12008     powershell:BrShim BrHookLoad.cpp<45>:LoadBrHook(): Loading: C:\Program Files\HP\Sure Click\servers\BrHook.dll
2026-10-05 19:36:18.417+03:00[18:49.746] P26096T12008 EVT powershell:BrHook Logs.cpp<330>:InitLogging(): Start process logging at level 0 for 'powershell.exe', 'BrHook.dll' build 4.4.33.1019 amd64
2026-10-05 19:36:18.417+03:00[18:49.746] P26096T12008 dbg powershell:BrHook settings.cpp<588>:GetActiveVersionWithPath(): - Found active version from CurrentVersion key 4.4.33.1019
2026-10-05 19:36:18.417+03:00[18:49.746] P26096T12008     powershell:BrHook BrHook.cpp<1884>:DllMain(): BrHook loaded 49ms after process creation.
2026-10-05 19:36:18.417+03:00[18:49.746] P26096T12008     powershell:BrHook BrHook.cpp<1897>:DllMain(): Attach completed in 0ms.
2026-10-05 19:36:18.417+03:00[18:49.746] P26096T12008     powershell:BrHook BrHook.cpp<1782>:InitHooks(): Not initializing hooks because Bromium/Untrusted is disabled
2026-10-05 19:36:18.422+03:00[18:49.750] P26096T25008 trc powershell:BrHook observer_thread.cpp<64>:RealThreadMain(): Registry Watcher Thread: 25008
2026-10-05 19:37:07.701+03:00[19:39.028] P30084T15228 EVT powershell:BrShim Logs.cpp<330>:InitLogging(): Start process logging at level 0 for 'powershell.exe', 'BrShim.dll' build 4.4.33.1019 amd64
2026-10-05 19:37:07.701+03:00[19:39.028] P30084T15228     powershell:BrShim BrShim.cpp<218>:InstallAfterInitUnguarded(): BrShim 4.4.33.1019 loaded 35ms after process creation.
2026-10-05 19:37:07.701+03:00[19:39.029] P30084T15228     powershell:BrShim BrHookLoad.cpp<45>:LoadBrHook(): Loading: C:\Program Files\HP\Sure Click\servers\BrHook.dll
2026-10-05 19:37:07.709+03:00[19:39.036] P30084T15228 EVT powershell:BrHook Logs.cpp<330>:InitLogging(): Start process logging at level 0 for 'powershell.exe', 'BrHook.dll' build 4.4.33.1019 amd64
2026-10-05 19:37:07.709+03:00[19:39.037] P30084T15228 dbg powershell:BrHook settings.cpp<588>:GetActiveVersionWithPath(): - Found active version from CurrentVersion key 4.4.33.1019
2026-10-05 19:37:07.709+03:00[19:39.037] P30084T15228     powershell:BrHook BrHook.cpp<1884>:DllMain(): BrHook loaded 46ms after process creation.
2026-10-05 19:37:07.709+03:00[19:39.037] P30084T15228     powershell:BrHook BrHook.cpp<1897>:DllMain(): Attach completed in 15ms.
2026-10-05 19:37:07.709+03:00[19:39.037] P30084T15228     powershell:BrHook BrHook.cpp<1782>:InitHooks(): Not initializing hooks because Bromium/Untrusted is disabled
2026-10-05 19:37:07.714+03:00[19:39.041] P30084T29952 trc powershell:BrHook observer_thread.cpp<64>:RealThreadMain(): Registry Watcher Thread: 29952
2026-10-05 19:42:38.458+03:00[25:09.785] P06168T12280 EVT powershell:BrShim Logs.cpp<330>:InitLogging(): Start process logging at level 0 for 'powershell.exe', 'BrShim.dll' build 4.4.33.1019 amd64
2026-10-05 19:42:38.458+03:00[25:09.785] P06168T12280     powershell:BrShim BrShim.cpp<218>:InstallAfterInitUnguarded(): BrShim 4.4.33.1019 loaded 34ms after process creation.
2026-10-05 19:42:38.458+03:00[25:09.785] P06168T12280     powershell:BrShim BrHookLoad.cpp<45>:LoadBrHook(): Loading: C:\Program Files\HP\Sure Click\servers\BrHook.dll
2026-10-05 19:42:38.467+03:00[25:09.793] P06168T12280 EVT powershell:BrHook Logs.cpp<330>:InitLogging(): Start process logging at level 0 for 'powershell.exe', 'BrHook.dll' build 4.4.33.1019 amd64
2026-10-05 19:42:38.467+03:00[25:09.794] P06168T12280 dbg powershell:BrHook settings.cpp<588>:GetActiveVersionWithPath(): - Found active version from CurrentVersion key 4.4.33.1019
2026-10-05 19:42:38.467+03:00[25:09.794] P06168T12280     powershell:BrHook BrHook.cpp<1884>:DllMain(): BrHook loaded 44ms after process creation.
2026-10-05 19:42:38.467+03:00[25:09.794] P06168T12280     powershell:BrHook BrHook.cpp<1897>:DllMain(): Attach completed in 0ms.
2026-10-05 19:42:38.467+03:00[25:09.794] P06168T12280     powershell:BrHook BrHook.cpp<1782>:InitHooks(): Not initializing hooks because Bromium/Untrusted is disabled
2026-10-05 19:42:38.468+03:00[25:09.797] P06168T13036 trc powershell:BrHook observer_thread.cpp<64>:RealThreadMain(): Registry Watcher Thread: 13036
2026-10-06 15:43:49.823+03:00[26:21.150] P05320T17816 EVT powershell:BrShim Logs.cpp<330>:InitLogging(): Start process logging at level 0 for 'powershell.exe', 'BrShim.dll' build 4.4.33.1019 amd64
2026-10-06 15:43:49.825+03:00[26:21.152] P05320T17816     powershell:BrShim BrShim.cpp<218>:InstallAfterInitUnguarded(): BrShim 4.4.33.1019 loaded 43ms after process creation.
2026-10-06 15:43:49.826+03:00[26:21.153] P05320T17816     powershell:BrShim BrHookLoad.cpp<45>:LoadBrHook(): Loading: C:\Program Files\HP\Sure Click\servers\BrHook.dll
2026-10-06 15:43:49.831+03:00[26:21.162] P05320T17816 EVT powershell:BrHook Logs.cpp<330>:InitLogging(): Start process logging at level 0 for 'powershell.exe', 'BrHook.dll' build 4.4.33.1019 amd64
2026-10-06 15:43:49.831+03:00[26:21.162] P05320T17816 dbg powershell:BrHook settings.cpp<588>:GetActiveVersionWithPath(): - Found active version from CurrentVersion key 4.4.33.1019
2026-10-06 15:43:49.831+03:00[26:21.162] P05320T17816     powershell:BrHook BrHook.cpp<1884>:DllMain(): BrHook loaded 62ms after process creation.
2026-10-06 15:43:49.831+03:00[26:21.162] P05320T17816     powershell:BrHook BrHook.cpp<1897>:DllMain(): Attach completed in 0ms.
2026-10-06 15:43:49.836+03:00[26:21.162] P05320T17816     powershell:BrHook BrHook.cpp<1782>:InitHooks(): Not initializing hooks because Bromium/Untrusted is disabled
2026-10-06 15:43:49.836+03:00[26:21.166] P05320T29072 trc powershell:BrHook observer_thread.cpp<64>:RealThreadMain(): Registry Watcher Thread: 29072
2026-10-06 15:43:51.336+03:00[26:22.663] P21668T20444 EVT powershell:BrShim Logs.cpp<330>:InitLogging(): Start process logging at level 0 for 'powershell.exe', 'BrShim.dll' build 4.4.33.1019 amd64
2026-10-06 15:43:51.336+03:00[26:22.663] P21668T20444     powershell:BrShim BrShim.cpp<218>:InstallAfterInitUnguarded(): BrShim 4.4.33.1019 loaded 52ms after process creation.
2026-10-06 15:43:51.336+03:00[26:22.663] P21668T20444     powershell:BrShim BrHookLoad.cpp<45>:LoadBrHook(): Loading: C:\Program Files\HP\Sure Click\servers\BrHook.dll
2026-10-06 15:43:51.343+03:00[26:22.672] P21668T20444 EVT powershell:BrHook Logs.cpp<330>:InitLogging(): Start process logging at level 0 for 'powershell.exe', 'BrHook.dll' build 4.4.33.1019 amd64
2026-10-06 15:43:51.343+03:00[26:22.672] P21668T20444 dbg powershell:BrHook settings.cpp<588>:GetActiveVersionWithPath(): - Found active version from CurrentVersion key 4.4.33.1019
2026-10-06 15:43:51.343+03:00[26:22.672] P21668T20444     powershell:BrHook BrHook.cpp<1884>:DllMain(): BrHook loaded 64ms after process creation.
2026-10-06 15:43:51.343+03:00[26:22.672] P21668T20444     powershell:BrHook BrHook.cpp<1897>:DllMain(): Attach completed in 0ms.
2026-10-06 15:43:51.343+03:00[26:22.672] P21668T20444     powershell:BrHook BrHook.cpp<1782>:InitHooks(): Not initializing hooks because Bromium/Untrusted is disabled
2026-10-06 15:43:51.343+03:00[26:22.676] P21668T14980 trc powershell:BrHook observer_thread.cpp<64>:RealThreadMain(): Registry Watcher Thread: 14980
2026-10-06 15:43:58.944+03:00[26:30.271] P22960T22128 EVT powershell:BrShim Logs.cpp<330>:InitLogging(): Start process logging at level 0 for 'powershell.exe', 'BrShim.dll' build 4.4.33.1019 amd64
2026-10-06 15:43:58.944+03:00[26:30.272] P22960T22128     powershell:BrShim BrShim.cpp<218>:InstallAfterInitUnguarded(): BrShim 4.4.33.1019 loaded 62ms after process creation.
2026-10-06 15:43:58.944+03:00[26:30.272] P22960T22128     powershell:BrShim BrHookLoad.cpp<45>:LoadBrHook(): Loading: C:\Program Files\HP\Sure Click\servers\BrHook.dll
2026-10-06 15:43:58.962+03:00[26:30.289] P22960T22128 EVT powershell:BrHook Logs.cpp<330>:InitLogging(): Start process logging at level 0 for 'powershell.exe', 'BrHook.dll' build 4.4.33.1019 amd64
2026-10-06 15:43:58.962+03:00[26:30.290] P22960T22128 dbg powershell:BrHook settings.cpp<588>:GetActiveVersionWithPath(): - Found active version from CurrentVersion key 4.4.33.1019
2026-10-06 15:43:58.962+03:00[26:30.290] P22960T22128     powershell:BrHook BrHook.cpp<1884>:DllMain(): BrHook loaded 86ms after process creation.
2026-10-06 15:43:58.962+03:00[26:30.290] P22960T22128     powershell:BrHook BrHook.cpp<1897>:DllMain(): Attach completed in 0ms.
2026-10-06 15:43:58.962+03:00[26:30.290] P22960T22128     powershell:BrHook BrHook.cpp<1782>:InitHooks(): Not initializing hooks because Bromium/Untrusted is disabled
2026-10-06 15:43:58.971+03:00[26:30.298] P22960T28992 trc powershell:BrHook observer_thread.cpp<64>:RealThreadMain(): Registry Watcher Thread: 28992
2026-10-06 15:44:23.193+03:00[26:54.520] P28280T19980 EVT powershell:BrShim Logs.cpp<330>:InitLogging(): Start process logging at level 0 for 'powershell.exe', 'BrShim.dll' build 4.4.33.1019 amd64
2026-10-06 15:44:23.193+03:00[26:54.521] P28280T19980     powershell:BrShim BrShim.cpp<218>:InstallAfterInitUnguarded(): BrShim 4.4.33.1019 loaded 45ms after process creation.
2026-10-06 15:44:23.193+03:00[26:54.521] P28280T19980     powershell:BrShim BrHookLoad.cpp<45>:LoadBrHook(): Loading: C:\Program Files\HP\Sure Click\servers\BrHook.dll
2026-10-06 15:44:23.205+03:00[26:54.531] P28280T19980 EVT powershell:BrHook Logs.cpp<330>:InitLogging(): Start process logging at level 0 for 'powershell.exe', 'BrHook.dll' build 4.4.33.1019 amd64
2026-10-06 15:44:23.205+03:00[26:54.532] P28280T19980 dbg powershell:BrHook settings.cpp<588>:GetActiveVersionWithPath(): - Found active version from CurrentVersion key 4.4.33.1019
2026-10-06 15:44:23.205+03:00[26:54.532] P28280T19980     powershell:BrHook BrHook.cpp<1884>:DllMain(): BrHook loaded 57ms after process creation.
2026-10-06 15:44:23.205+03:00[26:54.532] P28280T19980     powershell:BrHook BrHook.cpp<1897>:DllMain(): Attach completed in 0ms.
2026-10-06 15:44:23.205+03:00[26:54.532] P28280T19980     powershell:BrHook BrHook.cpp<1782>:InitHooks(): Not initializing hooks because Bromium/Untrusted is disabled
2026-10-06 15:44:23.205+03:00[26:54.536] P28280T06056 trc powershell:BrHook observer_thread.cpp<64>:RealThreadMain(): Registry Watcher Thread: 6056
2026-10-06 15:44:46.103+03:00[27:17.429] P11200T22236 EVT powershell:BrShim Logs.cpp<330>:InitLogging(): Start process logging at level 0 for 'powershell.exe', 'BrShim.dll' build 4.4.33.1019 amd64
2026-10-06 15:44:46.103+03:00[27:17.429] P11200T22236     powershell:BrShim BrShim.cpp<218>:InstallAfterInitUnguarded(): BrShim 4.4.33.1019 loaded 47ms after process creation.
2026-10-06 15:44:46.103+03:00[27:17.430] P11200T22236     powershell:BrShim BrHookLoad.cpp<45>:LoadBrHook(): Loading: C:\Program Files\HP\Sure Click\servers\BrHook.dll
2026-10-06 15:44:46.115+03:00[27:17.441] P11200T22236 EVT powershell:BrHook Logs.cpp<330>:InitLogging(): Start process logging at level 0 for 'powershell.exe', 'BrHook.dll' build 4.4.33.1019 amd64
2026-10-06 15:44:46.115+03:00[27:17.442] P11200T22236 dbg powershell:BrHook settings.cpp<588>:GetActiveVersionWithPath(): - Found active version from CurrentVersion key 4.4.33.1019
2026-10-06 15:44:46.115+03:00[27:17.442] P11200T22236     powershell:BrHook BrHook.cpp<1884>:DllMain(): BrHook loaded 60ms after process creation.
2026-10-06 15:44:46.115+03:00[27:17.442] P11200T22236     powershell:BrHook BrHook.cpp<1897>:DllMain(): Attach completed in 0ms.
2026-10-06 15:44:46.115+03:00[27:17.442] P11200T22236     powershell:BrHook BrHook.cpp<1782>:InitHooks(): Not initializing hooks because Bromium/Untrusted is disabled
2026-10-06 15:44:46.115+03:00[27:17.446] P11200T22596 trc powershell:BrHook observer_thread.cpp<64>:RealThreadMain(): Registry Watcher Thread: 22596
2026-10-06 15:45:32.706+03:00[28:04.033] P26692T31380 EVT powershell:BrShim Logs.cpp<330>:InitLogging(): Start process logging at level 0 for 'powershell.exe', 'BrShim.dll' build 4.4.33.1019 amd64
2026-10-06 15:45:32.707+03:00[28:04.033] P26692T31380     powershell:BrShim BrShim.cpp<218>:InstallAfterInitUnguarded(): BrShim 4.4.33.1019 loaded 69ms after process creation.
2026-10-06 15:45:32.707+03:00[28:04.033] P26692T31380     powershell:BrShim BrHookLoad.cpp<45>:LoadBrHook(): Loading: C:\Program Files\HP\Sure Click\servers\BrHook.dll
2026-10-06 15:45:32.716+03:00[28:04.043] P26692T31380 EVT powershell:BrHook Logs.cpp<330>:InitLogging(): Start process logging at level 0 for 'powershell.exe', 'BrHook.dll' build 4.4.33.1019 amd64
2026-10-06 15:45:32.716+03:00[28:04.043] P26692T31380 dbg powershell:BrHook settings.cpp<588>:GetActiveVersionWithPath(): - Found active version from CurrentVersion key 4.4.33.1019
2026-10-06 15:45:32.716+03:00[28:04.043] P26692T31380     powershell:BrHook BrHook.cpp<1884>:DllMain(): BrHook loaded 80ms after process creation.
2026-10-06 15:45:32.716+03:00[28:04.043] P26692T31380     powershell:BrHook BrHook.cpp<1897>:DllMain(): Attach completed in 0ms.
2026-10-06 15:45:32.716+03:00[28:04.043] P26692T31380     powershell:BrHook BrHook.cpp<1782>:InitHooks(): Not initializing hooks because Bromium/Untrusted is disabled
2026-10-06 15:45:32.721+03:00[28:04.047] P26692T31632 trc powershell:BrHook observer_thread.cpp<64>:RealThreadMain(): Registry Watcher Thread: 31632
2026-10-06 15:47:43.341+03:00[30:14.667] P17760T04416 EVT powershell:BrShim Logs.cpp<330>:InitLogging(): Start process logging at level 0 for 'powershell.exe', 'BrShim.dll' build 4.4.33.1019 amd64
2026-10-06 15:47:43.341+03:00[30:14.667] P17760T04416     powershell:BrShim BrShim.cpp<218>:InstallAfterInitUnguarded(): BrShim 4.4.33.1019 loaded 35ms after process creation.
2026-10-06 15:47:43.341+03:00[30:14.668] P17760T04416     powershell:BrShim BrHookLoad.cpp<45>:LoadBrHook(): Loading: C:\Program Files\HP\Sure Click\servers\BrHook.dll
2026-10-06 15:47:43.343+03:00[30:14.675] P17760T04416 EVT powershell:BrHook Logs.cpp<330>:InitLogging(): Start process logging at level 0 for 'powershell.exe', 'BrHook.dll' build 4.4.33.1019 amd64
2026-10-06 15:47:43.343+03:00[30:14.676] P17760T04416 dbg powershell:BrHook settings.cpp<588>:GetActiveVersionWithPath(): - Found active version from CurrentVersion key 4.4.33.1019
2026-10-06 15:47:43.343+03:00[30:14.676] P17760T04416     powershell:BrHook BrHook.cpp<1884>:DllMain(): BrHook loaded 42ms after process creation.
2026-10-06 15:47:43.343+03:00[30:14.676] P17760T04416     powershell:BrHook BrHook.cpp<1897>:DllMain(): Attach completed in 0ms.
2026-10-06 15:47:43.343+03:00[30:14.676] P17760T04416     powershell:BrHook BrHook.cpp<1782>:InitHooks(): Not initializing hooks because Bromium/Untrusted is disabled
2026-10-06 15:47:43.351+03:00[30:14.679] P17760T06132 trc powershell:BrHook observer_thread.cpp<64>:RealThreadMain(): Registry Watcher Thread: 6132
2026-10-06 16:12:21.493+03:00[54:52.819] P01324T17204 EVT powershell:BrShim Logs.cpp<330>:InitLogging(): Start process logging at level 0 for 'powershell.exe', 'BrShim.dll' build 4.4.33.1019 amd64
2026-10-06 16:12:21.493+03:00[54:52.820] P01324T17204     powershell:BrShim BrShim.cpp<218>:InstallAfterInitUnguarded(): BrShim 4.4.33.1019 loaded 46ms after process creation.
2026-10-06 16:12:21.493+03:00[54:52.820] P01324T17204     powershell:BrShim BrHookLoad.cpp<45>:LoadBrHook(): Loading: C:\Program Files\HP\Sure Click\servers\BrHook.dll
2026-10-06 16:12:21.499+03:00[54:52.828] P01324T17204 EVT powershell:BrHook Logs.cpp<330>:InitLogging(): Start process logging at level 0 for 'powershell.exe', 'BrHook.dll' build 4.4.33.1019 amd64
2026-10-06 16:12:21.499+03:00[54:52.828] P01324T17204 dbg powershell:BrHook settings.cpp<588>:GetActiveVersionWithPath(): - Found active version from CurrentVersion key 4.4.33.1019
2026-10-06 16:12:21.499+03:00[54:52.828] P01324T17204     powershell:BrHook BrHook.cpp<1884>:DllMain(): BrHook loaded 58ms after process creation.
2026-10-06 16:12:21.499+03:00[54:52.828] P01324T17204     powershell:BrHook BrHook.cpp<1897>:DllMain(): Attach completed in 0ms.
2026-10-06 16:12:21.499+03:00[54:52.829] P01324T17204     powershell:BrHook BrHook.cpp<1782>:InitHooks(): Not initializing hooks because Bromium/Untrusted is disabled
2026-10-06 16:12:21.506+03:00[54:52.832] P01324T13084 trc powershell:BrHook observer_thread.cpp<64>:RealThreadMain(): Registry Watcher Thread: 13084
2026-10-06 16:21:37.434+03:00[04:08.761] P17664T27964 EVT powershell:BrShim Logs.cpp<330>:InitLogging(): Start process logging at level 0 for 'powershell.exe', 'BrShim.dll' build 4.4.33.1019 amd64
2026-10-06 16:21:37.435+03:00[04:08.762] P17664T27964     powershell:BrShim BrShim.cpp<218>:InstallAfterInitUnguarded(): BrShim 4.4.33.1019 loaded 89ms after process creation.
2026-10-06 16:21:37.435+03:00[04:08.762] P17664T27964     powershell:BrShim BrHookLoad.cpp<45>:LoadBrHook(): Loading: C:\Program Files\HP\Sure Click\servers\BrHook.dll
2026-10-06 16:21:37.445+03:00[04:08.772] P17664T27964 EVT powershell:BrHook Logs.cpp<330>:InitLogging(): Start process logging at level 0 for 'powershell.exe', 'BrHook.dll' build 4.4.33.1019 amd64
2026-10-06 16:21:37.445+03:00[04:08.772] P17664T27964 dbg powershell:BrHook settings.cpp<588>:GetActiveVersionWithPath(): - Found active version from CurrentVersion key 4.4.33.1019
2026-10-06 16:21:37.445+03:00[04:08.772] P17664T27964     powershell:BrHook BrHook.cpp<1884>:DllMain(): BrHook loaded 102ms after process creation.
2026-10-06 16:21:37.445+03:00[04:08.772] P17664T27964     powershell:BrHook BrHook.cpp<1897>:DllMain(): Attach completed in 16ms.
2026-10-06 16:21:37.445+03:00[04:08.772] P17664T27964     powershell:BrHook BrHook.cpp<1782>:InitHooks(): Not initializing hooks because Bromium/Untrusted is disabled
2026-10-06 16:21:37.448+03:00[04:08.776] P17664T10464 trc powershell:BrHook observer_thread.cpp<64>:RealThreadMain(): Registry Watcher Thread: 10464
2026-10-06 17:07:44.411+03:00[50:15.739] P19812T17876 EVT powershell:BrShim Logs.cpp<330>:InitLogging(): Start process logging at level 0 for 'powershell.exe', 'BrShim.dll' build 4.4.33.1019 amd64
2026-10-06 17:07:44.413+03:00[50:15.740] P19812T17876     powershell:BrShim BrShim.cpp<218>:InstallAfterInitUnguarded(): BrShim 4.4.33.1019 loaded 53ms after process creation.
2026-10-06 17:07:44.413+03:00[50:15.740] P19812T17876     powershell:BrShim BrHookLoad.cpp<45>:LoadBrHook(): Loading: C:\Program Files\HP\Sure Click\servers\BrHook.dll
2026-10-06 17:07:44.422+03:00[50:15.749] P19812T17876 EVT powershell:BrHook Logs.cpp<330>:InitLogging(): Start process logging at level 0 for 'powershell.exe', 'BrHook.dll' build 4.4.33.1019 amd64
2026-10-06 17:07:44.422+03:00[50:15.749] P19812T17876 dbg powershell:BrHook settings.cpp<588>:GetActiveVersionWithPath(): - Found active version from CurrentVersion key 4.4.33.1019
2026-10-06 17:07:44.422+03:00[50:15.749] P19812T17876     powershell:BrHook BrHook.cpp<1884>:DllMain(): BrHook loaded 64ms after process creation.
2026-10-06 17:07:44.422+03:00[50:15.749] P19812T17876     powershell:BrHook BrHook.cpp<1897>:DllMain(): Attach completed in 0ms.
2026-10-06 17:07:44.423+03:00[50:15.750] P19812T17876     powershell:BrHook BrHook.cpp<1782>:InitHooks(): Not initializing hooks because Bromium/Untrusted is disabled
2026-10-06 17:07:44.427+03:00[50:15.753] P19812T03352 trc powershell:BrHook observer_thread.cpp<64>:RealThreadMain(): Registry Watcher Thread: 3352
2026-10-06 17:07:45.879+03:00[50:17.206] P28444T06940 EVT powershell:BrShim Logs.cpp<330>:InitLogging(): Start process logging at level 0 for 'powershell.exe', 'BrShim.dll' build 4.4.33.1019 amd64
2026-10-06 17:07:45.879+03:00[50:17.206] P28444T06940     powershell:BrShim BrShim.cpp<218>:InstallAfterInitUnguarded(): BrShim 4.4.33.1019 loaded 49ms after process creation.
2026-10-06 17:07:45.879+03:00[50:17.206] P28444T06940     powershell:BrShim BrHookLoad.cpp<45>:LoadBrHook(): Loading: C:\Program Files\HP\Sure Click\servers\BrHook.dll
2026-10-06 17:07:45.888+03:00[50:17.215] P28444T06940 EVT powershell:BrHook Logs.cpp<330>:InitLogging(): Start process logging at level 0 for 'powershell.exe', 'BrHook.dll' build 4.4.33.1019 amd64
2026-10-06 17:07:45.888+03:00[50:17.215] P28444T06940 dbg powershell:BrHook settings.cpp<588>:GetActiveVersionWithPath(): - Found active version from CurrentVersion key 4.4.33.1019
2026-10-06 17:07:45.888+03:00[50:17.215] P28444T06940     powershell:BrHook BrHook.cpp<1884>:DllMain(): BrHook loaded 59ms after process creation.
2026-10-06 17:07:45.888+03:00[50:17.215] P28444T06940     powershell:BrHook BrHook.cpp<1897>:DllMain(): Attach completed in 0ms.
2026-10-06 17:07:45.888+03:00[50:17.215] P28444T06940     powershell:BrHook BrHook.cpp<1782>:InitHooks(): Not initializing hooks because Bromium/Untrusted is disabled
2026-10-06 17:07:45.892+03:00[50:17.219] P28444T04012 trc powershell:BrHook observer_thread.cpp<64>:RealThreadMain(): Registry Watcher Thread: 4012
2026-10-06 17:08:09.275+03:00[50:40.605] P10312T22140 EVT powershell:BrShim Logs.cpp<330>:InitLogging(): Start process logging at level 0 for 'powershell.exe', 'BrShim.dll' build 4.4.33.1019 amd64
2026-10-06 17:08:09.275+03:00[50:40.605] P10312T22140     powershell:BrShim BrShim.cpp<218>:InstallAfterInitUnguarded(): BrShim 4.4.33.1019 loaded 46ms after process creation.
2026-10-06 17:08:09.275+03:00[50:40.606] P10312T22140     powershell:BrShim BrHookLoad.cpp<45>:LoadBrHook(): Loading: C:\Program Files\HP\Sure Click\servers\BrHook.dll
2026-10-06 17:08:09.288+03:00[50:40.616] P10312T22140 EVT powershell:BrHook Logs.cpp<330>:InitLogging(): Start process logging at level 0 for 'powershell.exe', 'BrHook.dll' build 4.4.33.1019 amd64
2026-10-06 17:08:09.290+03:00[50:40.616] P10312T22140 dbg powershell:BrHook settings.cpp<588>:GetActiveVersionWithPath(): - Found active version from CurrentVersion key 4.4.33.1019
2026-10-06 17:08:09.290+03:00[50:40.616] P10312T22140     powershell:BrHook BrHook.cpp<1884>:DllMain(): BrHook loaded 57ms after process creation.
2026-10-06 17:08:09.290+03:00[50:40.616] P10312T22140     powershell:BrHook BrHook.cpp<1897>:DllMain(): Attach completed in 16ms.
2026-10-06 17:08:09.290+03:00[50:40.617] P10312T22140     powershell:BrHook BrHook.cpp<1782>:InitHooks(): Not initializing hooks because Bromium/Untrusted is disabled
2026-10-06 17:08:09.290+03:00[50:40.620] P10312T32712 trc powershell:BrHook observer_thread.cpp<64>:RealThreadMain(): Registry Watcher Thread: 32712
2026-10-06 17:08:28.689+03:00[51:00.016] P23420T31560 EVT powershell:BrShim Logs.cpp<330>:InitLogging(): Start process logging at level 0 for 'powershell.exe', 'BrShim.dll' build 4.4.33.1019 amd64
2026-10-06 17:08:28.689+03:00[51:00.016] P23420T31560     powershell:BrShim BrShim.cpp<218>:InstallAfterInitUnguarded(): BrShim 4.4.33.1019 loaded 48ms after process creation.
2026-10-06 17:08:28.690+03:00[51:00.016] P23420T31560     powershell:BrShim BrHookLoad.cpp<45>:LoadBrHook(): Loading: C:\Program Files\HP\Sure Click\servers\BrHook.dll
2026-10-06 17:08:28.699+03:00[51:00.026] P23420T31560 EVT powershell:BrHook Logs.cpp<330>:InitLogging(): Start process logging at level 0 for 'powershell.exe', 'BrHook.dll' build 4.4.33.1019 amd64
2026-10-06 17:08:28.699+03:00[51:00.026] P23420T31560 dbg powershell:BrHook settings.cpp<588>:GetActiveVersionWithPath(): - Found active version from CurrentVersion key 4.4.33.1019
2026-10-06 17:08:28.699+03:00[51:00.026] P23420T31560     powershell:BrHook BrHook.cpp<1884>:DllMain(): BrHook loaded 63ms after process creation.
2026-10-06 17:08:28.699+03:00[51:00.026] P23420T31560     powershell:BrHook BrHook.cpp<1897>:DllMain(): Attach completed in 0ms.
2026-10-06 17:08:28.700+03:00[51:00.026] P23420T31560     powershell:BrHook BrHook.cpp<1782>:InitHooks(): Not initializing hooks because Bromium/Untrusted is disabled
2026-10-06 17:08:28.703+03:00[51:00.029] P23420T25816 trc powershell:BrHook observer_thread.cpp<64>:RealThreadMain(): Registry Watcher Thread: 25816
2026-10-06 17:08:30.252+03:00[51:01.579] P19000T15296 EVT powershell:BrShim Logs.cpp<330>:InitLogging(): Start process logging at level 0 for 'powershell.exe', 'BrShim.dll' build 4.4.33.1019 amd64
2026-10-06 17:08:30.252+03:00[51:01.579] P19000T15296     powershell:BrShim BrShim.cpp<218>:InstallAfterInitUnguarded(): BrShim 4.4.33.1019 loaded 46ms after process creation.
2026-10-06 17:08:30.252+03:00[51:01.579] P19000T15296     powershell:BrShim BrHookLoad.cpp<45>:LoadBrHook(): Loading: C:\Program Files\HP\Sure Click\servers\BrHook.dll
2026-10-06 17:08:30.266+03:00[51:01.592] P19000T15296 EVT powershell:BrHook Logs.cpp<330>:InitLogging(): Start process logging at level 0 for 'powershell.exe', 'BrHook.dll' build 4.4.33.1019 amd64
2026-10-06 17:08:30.266+03:00[51:01.592] P19000T15296 dbg powershell:BrHook settings.cpp<588>:GetActiveVersionWithPath(): - Found active version from CurrentVersion key 4.4.33.1019
2026-10-06 17:08:30.266+03:00[51:01.592] P19000T15296     powershell:BrHook BrHook.cpp<1884>:DllMain(): BrHook loaded 61ms after process creation.
2026-10-06 17:08:30.266+03:00[51:01.592] P19000T15296     powershell:BrHook BrHook.cpp<1897>:DllMain(): Attach completed in 0ms.
2026-10-06 17:08:30.266+03:00[51:01.593] P19000T15296     powershell:BrHook BrHook.cpp<1782>:InitHooks(): Not initializing hooks because Bromium/Untrusted is disabled
2026-10-06 17:08:30.270+03:00[51:01.596] P19000T30816 trc powershell:BrHook observer_thread.cpp<64>:RealThreadMain(): Registry Watcher Thread: 30816
2026-10-06 17:09:06.886+03:00[51:38.217] P27860T28348 EVT powershell:BrShim Logs.cpp<330>:InitLogging(): Start process logging at level 0 for 'powershell.exe', 'BrShim.dll' build 4.4.33.1019 amd64
2026-10-06 17:09:06.886+03:00[51:38.217] P27860T28348     powershell:BrShim BrShim.cpp<218>:InstallAfterInitUnguarded(): BrShim 4.4.33.1019 loaded 79ms after process creation.
2026-10-06 17:09:06.886+03:00[51:38.218] P27860T28348     powershell:BrShim BrHookLoad.cpp<45>:LoadBrHook(): Loading: C:\Program Files\HP\Sure Click\servers\BrHook.dll
2026-10-06 17:09:06.900+03:00[51:38.229] P27860T28348 EVT powershell:BrHook Logs.cpp<330>:InitLogging(): Start process logging at level 0 for 'powershell.exe', 'BrHook.dll' build 4.4.33.1019 amd64
2026-10-06 17:09:06.900+03:00[51:38.229] P27860T28348 dbg powershell:BrHook settings.cpp<588>:GetActiveVersionWithPath(): - Found active version from CurrentVersion key 4.4.33.1019
2026-10-06 17:09:06.900+03:00[51:38.229] P27860T28348     powershell:BrHook BrHook.cpp<1884>:DllMain(): BrHook loaded 93ms after process creation.
2026-10-06 17:09:06.900+03:00[51:38.229] P27860T28348     powershell:BrHook BrHook.cpp<1897>:DllMain(): Attach completed in 0ms.
2026-10-06 17:09:06.900+03:00[51:38.229] P27860T28348     powershell:BrHook BrHook.cpp<1782>:InitHooks(): Not initializing hooks because Bromium/Untrusted is disabled
2026-10-06 17:09:06.905+03:00[51:38.233] P27860T08076 trc powershell:BrHook observer_thread.cpp<64>:RealThreadMain(): Registry Watcher Thread: 8076
2026-10-06 18:12:16.662+03:00[54:47.994] P26980T30196 EVT powershell:BrShim Logs.cpp<330>:InitLogging(): Start process logging at level 0 for 'powershell.exe', 'BrShim.dll' build 4.4.33.1019 amd64
2026-10-06 18:12:16.662+03:00[54:47.995] P26980T30196     powershell:BrShim BrShim.cpp<218>:InstallAfterInitUnguarded(): BrShim 4.4.33.1019 loaded 73ms after process creation.
2026-10-06 18:12:16.662+03:00[54:47.996] P26980T30196     powershell:BrShim BrHookLoad.cpp<45>:LoadBrHook(): Loading: C:\Program Files\HP\Sure Click\servers\BrHook.dll
2026-10-06 18:12:16.678+03:00[54:48.005] P26980T30196 EVT powershell:BrHook Logs.cpp<330>:InitLogging(): Start process logging at level 0 for 'powershell.exe', 'BrHook.dll' build 4.4.33.1019 amd64
2026-10-06 18:12:16.678+03:00[54:48.006] P26980T30196 dbg powershell:BrHook settings.cpp<588>:GetActiveVersionWithPath(): - Found active version from CurrentVersion key 4.4.33.1019
2026-10-06 18:12:16.678+03:00[54:48.006] P26980T30196     powershell:BrHook BrHook.cpp<1884>:DllMain(): BrHook loaded 87ms after process creation.
2026-10-06 18:12:16.678+03:00[54:48.006] P26980T30196     powershell:BrHook BrHook.cpp<1897>:DllMain(): Attach completed in 15ms.
2026-10-06 18:12:16.678+03:00[54:48.006] P26980T30196     powershell:BrHook BrHook.cpp<1782>:InitHooks(): Not initializing hooks because Bromium/Untrusted is disabled
2026-10-06 18:12:16.678+03:00[54:48.011] P26980T29796 trc powershell:BrHook observer_thread.cpp<64>:RealThreadMain(): Registry Watcher Thread: 29796
2026-10-06 18:15:14.222+03:00[57:45.549] P19740T21312 EVT powershell:BrShim Logs.cpp<330>:InitLogging(): Start process logging at level 0 for 'powershell.exe', 'BrShim.dll' build 4.4.33.1019 amd64
2026-10-06 18:15:14.222+03:00[57:45.550] P19740T21312     powershell:BrShim BrShim.cpp<218>:InstallAfterInitUnguarded(): BrShim 4.4.33.1019 loaded 58ms after process creation.
2026-10-06 18:15:14.222+03:00[57:45.550] P19740T21312     powershell:BrShim BrHookLoad.cpp<45>:LoadBrHook(): Loading: C:\Program Files\HP\Sure Click\servers\BrHook.dll
2026-10-06 18:15:14.226+03:00[57:45.559] P19740T21312 EVT powershell:BrHook Logs.cpp<330>:InitLogging(): Start process logging at level 0 for 'powershell.exe', 'BrHook.dll' build 4.4.33.1019 amd64
2026-10-06 18:15:14.226+03:00[57:45.559] P19740T21312 dbg powershell:BrHook settings.cpp<588>:GetActiveVersionWithPath(): - Found active version from CurrentVersion key 4.4.33.1019
2026-10-06 18:15:14.232+03:00[57:45.559] P19740T21312     powershell:BrHook BrHook.cpp<1884>:DllMain(): BrHook loaded 64ms after process creation.
2026-10-06 18:15:14.232+03:00[57:45.559] P19740T21312     powershell:BrHook BrHook.cpp<1897>:DllMain(): Attach completed in 0ms.
2026-10-06 18:15:14.232+03:00[57:45.559] P19740T21312     powershell:BrHook BrHook.cpp<1782>:InitHooks(): Not initializing hooks because Bromium/Untrusted is disabled
2026-10-06 18:15:14.236+03:00[57:45.563] P19740T12976 trc powershell:BrHook observer_thread.cpp<64>:RealThreadMain(): Registry Watcher Thread: 12976
2026-10-06 18:16:27.568+03:00[58:58.901] P26384T31308 EVT powershell:BrShim Logs.cpp<330>:InitLogging(): Start process logging at level 0 for 'powershell.exe', 'BrShim.dll' build 4.4.33.1019 amd64
2026-10-06 18:16:27.568+03:00[58:58.901] P26384T31308     powershell:BrShim BrShim.cpp<218>:InstallAfterInitUnguarded(): BrShim 4.4.33.1019 loaded 61ms after process creation.
2026-10-06 18:16:27.568+03:00[58:58.901] P26384T31308     powershell:BrShim BrHookLoad.cpp<45>:LoadBrHook(): Loading: C:\Program Files\HP\Sure Click\servers\BrHook.dll
2026-10-06 18:16:27.579+03:00[58:58.909] P26384T31308 EVT powershell:BrHook Logs.cpp<330>:InitLogging(): Start process logging at level 0 for 'powershell.exe', 'BrHook.dll' build 4.4.33.1019 amd64
2026-10-06 18:16:27.579+03:00[58:58.909] P26384T31308 dbg powershell:BrHook settings.cpp<588>:GetActiveVersionWithPath(): - Found active version from CurrentVersion key 4.4.33.1019
2026-10-06 18:16:27.579+03:00[58:58.909] P26384T31308     powershell:BrHook BrHook.cpp<1884>:DllMain(): BrHook loaded 71ms after process creation.
2026-10-06 18:16:27.579+03:00[58:58.909] P26384T31308     powershell:BrHook BrHook.cpp<1897>:DllMain(): Attach completed in 0ms.
2026-10-06 18:16:27.579+03:00[58:58.909] P26384T31308     powershell:BrHook BrHook.cpp<1782>:InitHooks(): Not initializing hooks because Bromium/Untrusted is disabled
2026-10-06 18:16:27.586+03:00[58:58.913] P26384T24820 trc powershell:BrHook observer_thread.cpp<64>:RealThreadMain(): Registry Watcher Thread: 24820
2026-10-06 18:17:12.186+03:00[59:43.514] P31632T31464 EVT powershell:BrShim Logs.cpp<330>:InitLogging(): Start process logging at level 0 for 'powershell.exe', 'BrShim.dll' build 4.4.33.1019 amd64
2026-10-06 18:17:12.186+03:00[59:43.514] P31632T31464     powershell:BrShim BrShim.cpp<218>:InstallAfterInitUnguarded(): BrShim 4.4.33.1019 loaded 41ms after process creation.
2026-10-06 18:17:12.186+03:00[59:43.514] P31632T31464     powershell:BrShim BrHookLoad.cpp<45>:LoadBrHook(): Loading: C:\Program Files\HP\Sure Click\servers\BrHook.dll
2026-10-06 18:17:12.194+03:00[59:43.523] P31632T31464 EVT powershell:BrHook Logs.cpp<330>:InitLogging(): Start process logging at level 0 for 'powershell.exe', 'BrHook.dll' build 4.4.33.1019 amd64
2026-10-06 18:17:12.197+03:00[59:43.523] P31632T31464 dbg powershell:BrHook settings.cpp<588>:GetActiveVersionWithPath(): - Found active version from CurrentVersion key 4.4.33.1019
2026-10-06 18:17:12.197+03:00[59:43.523] P31632T31464     powershell:BrHook BrHook.cpp<1884>:DllMain(): BrHook loaded 53ms after process creation.
2026-10-06 18:17:12.197+03:00[59:43.523] P31632T31464     powershell:BrHook BrHook.cpp<1897>:DllMain(): Attach completed in 16ms.
2026-10-06 18:17:12.197+03:00[59:43.523] P31632T31464     powershell:BrHook BrHook.cpp<1782>:InitHooks(): Not initializing hooks because Bromium/Untrusted is disabled
2026-10-06 18:17:12.198+03:00[59:43.526] P31632T31916 trc powershell:BrHook observer_thread.cpp<64>:RealThreadMain(): Registry Watcher Thread: 31916
2026-10-06 18:18:31.265+03:00[01:02.606] P29912T31884 EVT powershell:BrShim Logs.cpp<330>:InitLogging(): Start process logging at level 0 for 'powershell.exe', 'BrShim.dll' build 4.4.33.1019 amd64
2026-10-06 18:18:31.265+03:00[01:02.606] P29912T31884     powershell:BrShim BrShim.cpp<218>:InstallAfterInitUnguarded(): BrShim 4.4.33.1019 loaded 41ms after process creation.
2026-10-06 18:18:31.265+03:00[01:02.607] P29912T31884     powershell:BrShim BrHookLoad.cpp<45>:LoadBrHook(): Loading: C:\Program Files\HP\Sure Click\servers\BrHook.dll
2026-10-06 18:18:31.286+03:00[01:02.614] P29912T31884 EVT powershell:BrHook Logs.cpp<330>:InitLogging(): Start process logging at level 0 for 'powershell.exe', 'BrHook.dll' build 4.4.33.1019 amd64
2026-10-06 18:18:31.286+03:00[01:02.614] P29912T31884 dbg powershell:BrHook settings.cpp<588>:GetActiveVersionWithPath(): - Found active version from CurrentVersion key 4.4.33.1019
2026-10-06 18:18:31.286+03:00[01:02.614] P29912T31884     powershell:BrHook BrHook.cpp<1884>:DllMain(): BrHook loaded 62ms after process creation.
2026-10-06 18:18:31.286+03:00[01:02.614] P29912T31884     powershell:BrHook BrHook.cpp<1897>:DllMain(): Attach completed in 0ms.
2026-10-06 18:18:31.286+03:00[01:02.614] P29912T31884     powershell:BrHook BrHook.cpp<1782>:InitHooks(): Not initializing hooks because Bromium/Untrusted is disabled
2026-10-06 18:18:31.286+03:00[01:02.618] P29912T32384 trc powershell:BrHook observer_thread.cpp<64>:RealThreadMain(): Registry Watcher Thread: 32384
2026-10-06 18:20:10.834+03:00[02:42.161] P21772T22268 EVT powershell:BrShim Logs.cpp<330>:InitLogging(): Start process logging at level 0 for 'powershell.exe', 'BrShim.dll' build 4.4.33.1019 amd64
2026-10-06 18:20:10.834+03:00[02:42.161] P21772T22268     powershell:BrShim BrShim.cpp<218>:InstallAfterInitUnguarded(): BrShim 4.4.33.1019 loaded 26ms after process creation.
2026-10-06 18:20:10.834+03:00[02:42.161] P21772T22268     powershell:BrShim BrHookLoad.cpp<45>:LoadBrHook(): Loading: C:\Program Files\HP\Sure Click\servers\BrHook.dll
2026-10-06 18:20:10.836+03:00[02:42.169] P21772T22268 EVT powershell:BrHook Logs.cpp<330>:InitLogging(): Start process logging at level 0 for 'powershell.exe', 'BrHook.dll' build 4.4.33.1019 amd64
2026-10-06 18:20:10.836+03:00[02:42.169] P21772T22268 dbg powershell:BrHook settings.cpp<588>:GetActiveVersionWithPath(): - Found active version from CurrentVersion key 4.4.33.1019
2026-10-06 18:20:10.836+03:00[02:42.169] P21772T22268     powershell:BrHook BrHook.cpp<1884>:DllMain(): BrHook loaded 44ms after process creation.
2026-10-06 18:20:10.836+03:00[02:42.169] P21772T22268     powershell:BrHook BrHook.cpp<1897>:DllMain(): Attach completed in 0ms.
2026-10-06 18:20:10.836+03:00[02:42.169] P21772T22268     powershell:BrHook BrHook.cpp<1782>:InitHooks(): Not initializing hooks because Bromium/Untrusted is disabled
2026-10-06 18:20:10.836+03:00[02:42.172] P21772T20220 trc powershell:BrHook observer_thread.cpp<64>:RealThreadMain(): Registry Watcher Thread: 20220
2026-10-06 18:34:15.686+03:00[16:47.012] P32412T30124 EVT powershell:BrShim Logs.cpp<330>:InitLogging(): Start process logging at level 0 for 'powershell.exe', 'BrShim.dll' build 4.4.33.1019 amd64
2026-10-06 18:34:15.686+03:00[16:47.013] P32412T30124     powershell:BrShim BrShim.cpp<218>:InstallAfterInitUnguarded(): BrShim 4.4.33.1019 loaded 96ms after process creation.
2026-10-06 18:34:15.687+03:00[16:47.013] P32412T30124     powershell:BrShim BrHookLoad.cpp<45>:LoadBrHook(): Loading: C:\Program Files\HP\Sure Click\servers\BrHook.dll
2026-10-06 18:34:15.696+03:00[16:47.023] P32412T30124 EVT powershell:BrHook Logs.cpp<330>:InitLogging(): Start process logging at level 0 for 'powershell.exe', 'BrHook.dll' build 4.4.33.1019 amd64
2026-10-06 18:34:15.696+03:00[16:47.023] P32412T30124 dbg powershell:BrHook settings.cpp<588>:GetActiveVersionWithPath(): - Found active version from CurrentVersion key 4.4.33.1019
2026-10-06 18:34:15.696+03:00[16:47.023] P32412T30124     powershell:BrHook BrHook.cpp<1884>:DllMain(): BrHook loaded 108ms after process creation.
2026-10-06 18:34:15.696+03:00[16:47.023] P32412T30124     powershell:BrHook BrHook.cpp<1897>:DllMain(): Attach completed in 0ms.
2026-10-06 18:34:15.696+03:00[16:47.023] P32412T30124     powershell:BrHook BrHook.cpp<1782>:InitHooks(): Not initializing hooks because Bromium/Untrusted is disabled
2026-10-06 18:34:15.700+03:00[16:47.027] P32412T21136 trc powershell:BrHook observer_thread.cpp<64>:RealThreadMain(): Registry Watcher Thread: 21136
2026-10-06 18:34:21.857+03:00[16:53.187] P03740T24868 EVT powershell:BrShim Logs.cpp<330>:InitLogging(): Start process logging at level 0 for 'powershell.exe', 'BrShim.dll' build 4.4.33.1019 amd64
2026-10-06 18:34:21.857+03:00[16:53.188] P03740T24868     powershell:BrShim BrShim.cpp<218>:InstallAfterInitUnguarded(): BrShim 4.4.33.1019 loaded 59ms after process creation.
2026-10-06 18:34:21.857+03:00[16:53.188] P03740T24868     powershell:BrShim BrHookLoad.cpp<45>:LoadBrHook(): Loading: C:\Program Files\HP\Sure Click\servers\BrHook.dll
2026-10-06 18:34:21.868+03:00[16:53.196] P03740T24868 EVT powershell:BrHook Logs.cpp<330>:InitLogging(): Start process logging at level 0 for 'powershell.exe', 'BrHook.dll' build 4.4.33.1019 amd64
2026-10-06 18:34:21.870+03:00[16:53.196] P03740T24868 dbg powershell:BrHook settings.cpp<588>:GetActiveVersionWithPath(): - Found active version from CurrentVersion key 4.4.33.1019
2026-10-06 18:34:21.870+03:00[16:53.196] P03740T24868     powershell:BrHook BrHook.cpp<1884>:DllMain(): BrHook loaded 69ms after process creation.
2026-10-06 18:34:21.870+03:00[16:53.196] P03740T24868     powershell:BrHook BrHook.cpp<1897>:DllMain(): Attach completed in 0ms.
2026-10-06 18:34:21.870+03:00[16:53.196] P03740T24868     powershell:BrHook BrHook.cpp<1782>:InitHooks(): Not initializing hooks because Bromium/Untrusted is disabled
2026-10-06 18:34:21.870+03:00[16:53.200] P03740T30624 trc powershell:BrHook observer_thread.cpp<64>:RealThreadMain(): Registry Watcher Thread: 30624
